	12
-TK	2
-dagger-	4
123123somi	8
13016t0421l	3
143saf	1
23viken	2
29daria	17
2keis	4
3836	2
3gfeathers	3
518	1
7Will7	3
7wik	3
8atul	1
A1729	15
A1VCs	3
AAlexandros	5
ABHISHEKFROMINDIA	14
ABHITIWARI	3
ADETOKUNBOOLUFODUN	7
AISHWARYASH	4
AJpennster	1
AKASHJAIN	5
AKASHTANGADE	11
AKV55	25
AKitanovski	3
ALOKDOSHI	8
ALOKRANJAn007	2
AMITB999	7
AMMIREDDY	4
AN48colo	4
ANUDEEP002	4
ANURAGKAMBLE	3
ANUSUYAHAZRA	1
ANUStudent2014	4
AOLDR	1
AParraCorbacho	2
ARBHAMKHUNTI	4
ARISTEIDIS74	6
ARJ83	2
ARPITMISHRA	2
ARYYAMAJANA	4
ASCronos	1
ASHISH240031	30
ATIFALI13	11
AVINASHREDDY	1
AWKadam	12
AWalter	4
AZeducate	4
A_Centurione	29
A_K_V	18
Aadhavan	7
AayushManocha	2
AbWarokar	6
AbdelrahmanElNaggar	15
AbdulSamad303	1
Abdullah30	4
AbeChen	5
Abhaysingh18feb	10
Abhi004	69
AbhilashVJ	2
Abhinav094	13
AbhinavGarg	1
Abhishek3	2
Abhisheksoni	1
Abreu92	3
Acalc79	2
AdamGittoes	10
AdamSmithee	10
AdityaDesai22	12
Aditya_1989	1
Aditya_khanna	5
AdoHaha	6
AdriV2	1
Advaita	8
AeshaThakkar	21
Afdan	3
AfricanLionHeart	15
Agonius	2
Ahimta	2
AhmedAlkenany	3
AhmedHeiba	23
AhmedRawther	9
AhmetCem	2
AidaAliu	2
Akash_Sharma3008	4
AkhilGovind	4
AkhilM2453	1
Akruj14	2
Akshat_Singh	2
Akshayscofield	10
Al_Walters	19
AlanBallesteros	2
AlbdelaPaz	5
Alcides_Tenias	30
AlejandroPalacios	4
AlenaTcybenko	9
AlexBogos	3
AlexGeorgescu	1
AlexMarmo	22
AlexPerez_Mx	9
AlexPlomp	27
AlexWayne	2
Alexander_Sakharov	41
Alexandraph	2
AlexandruT	1
AlexeyH	15
AlexeySmolin	1
AlfredLee	2
AliRafiei	1
Aligol	23
AlimChamdawala	12
Alisaeinik	1
Allaio	2
Almazi	19
Alomor	1
AlphaMad	8
AlvaroCamello	18
Alyssian	1
AmanGoyal27	18
Amarnath_Betgar	20
Amit98075	1
AmitM	1
AmitSiwach	4
AmitTijus	2
Amitej	75
Amleshwar	1
Amrutamaya-edX	9
AnandPrabhu	25
Anandsingh1	3
AnanyaH	4
AnanyaSharma	18
AnbarasanMuthu	20
AndersSNielsen	1
AndreaCogotti	4
AndreaMaC	9
AndreasRD	16
Andrescas	6
AndreyBarrera	12
Andrg	13
AndyCarpenter	2
AndyOwers	26
Aneesh1223	1
Angayarkanni	11
Angel1989	23
AngelG93	8
Angelus2009	1
AnggoroYudhoN	14
AnghaK	14
AngiMurphy	2
Anitalmada	1
Ank_S	1
Ankit1145	6
Ankit_Aggarwal	1
Ankit_agr	3
Ankit_mardia	42
AnkitaNanda	1
AnkitaRDere	2
Ankitchouhan670	7
AnkushSinghal	1
Anmar5000	3
AnnaDelgado	18
Anna_St	6
AnneW25	2
AnshuAP	7
AnshulARai	31
Anthony_Grace	4
AntonioBigazzi	21
Antunio	17
Anudeep268	14
AnupamaKesari	12
AnuragPB	5
Anzoom	5
ApoorvAnkur	16
Apoorva3023	2
Archie43030	4
Arellus	10
Arinjay	23
Arjankc	10
Arka1	5
ArnavSingh100	2
ArnoldR	5
Arpit266	13
Arpit6996	6
Arsenal26	4
Arsi7	1
ArthurAmaral	50
ArunBV	3
ArunGC	1
ArunMC	3
Arun_kumar_13	1
Arvindia	1
Arzab	10
AsC3	2
AsaadUmair	2
AshRaul	61
AshishSankhla	2
Ashmeet_	1
Ashna16	1
AshutoshAMU	11
Ashwinidathatri	7
Asie	3
Asish_m	1
AspenWright	20
Astik_Gupta	9
AswaniNimmagadda	25
Async0x42	10
Atchyut	4
Atul80	17
AudieLee	13
AutoM	15
Awaghulikar	4
Awesome911	19
AyushSingla	1
BHAGATHC	8
BHANUKIRAN18	3
BHU009	56
BIBHUDATTA	7
BONTHA_VAMSEE	12
Babbra	1
Backi	21
Badrul	10
Balbir	7
Balbir15	7
BaljSingh	6
Barima	13
Barrera90	4
BarthasTor	12
Bashir1	8
BasitScorp95	8
Bcarson2	3
BeatrizSerra	2
BehzadKhezri2014	32
Being_AC	8
Belacqua	3
Bender79	7
Bennal	103
Benniei	12
BensonM	27
BertHall	1
Bestii	23
Bh00mika	11
Bharadcastle	8
Bharadvaj2854	4
BharatChauhan	45
Bharath28	1
Bhupender007	2
Biblezombie	25
Bigyan	7
Binarybot	1
BineeshGS	335
Binkster	1
Biprateep	1
Biramo	2
BiswajeetDas	2
BlaisePina	18
BlueFlow	53
Bluesky27	28
Bob36	53
Bobon	24
BonnieLynn	2
BooG690	8
Booms	16
BorjaMG	8
BornToFight	6
Bouga95	4
Brainjas	4
Brendan13	7
BrenoCorrea	1
Brent100	7
BriHi66	2
BrianRichardMcCarthy	6
BriceNK	2
BruceFM	19
Brunaf	24
Budah	2
BuravalliDurgaPrasad	19
BurhanUrRehman	2
Bushra92	1
CAL2002	14
CBWoodlief	1
CBaader	1
CHIRAGPATIL	9
CIEHU	2
CLEspo	2
CNiederhofer	18
C_Gonzalez	4
Caabi	2
CaitlinWeston	1
CameronDodd	8
CaptainSin	11
Carli-	2
CarlosAscanio	20
Carlos_Harris	2
Carlse	13
Castelano	2
Castillopax	7
Catas	1
CelioMoura	14
Cerlok	35
CesarMart	7
CesarReyes	18
ChDaFl	2
ChandraPradeep	15
Cheops	3
CherlZ	15
Chisalita	10
ChitranshJain	47
ChrisH18	1
ChrisPK	14
ChrisPat	2
ChrisUSA	4
Chris_Renfro	1
Chrisheck	31
ChristianaEnm	48
Christinajohn	3
Christos_Nik	3
Cichon	10
ClaudioCCosta	26
CliffMcCreery	14
Clinton_Leaker	3
ClivePrice	1
Computish	5
ConleyFreeman	2
Coolpet	2
CosminCretu	1
Cqshinn	3
CraigPetermann	4
CristianFS	4
Crxsx	4
Cyion	2
DAIKiii	2
DATTATRAYASUPEKAR	9
DEARJ0HN	6
DEBO	8
DEEPAK1100	28
DEVESHJHA	2
DEVINEcoolshubham	3
DEVSHIKADACHHA	6
DHARMIKTHUMMAR	12
DHEERAJMECH	11
DIDAMON2000	25
DILEEPKP	7
DLT28	1
DMcGuff	12
DMiles	13
DNare	23
DOLDEV	1
DPlata	10
DSC123	23
DZJZ	5
DaleFernandes	1
DaleSeamons	4
Damio	23
Daniel-77	13
DanielFroh	4
DanielKosse	20
DanielNovacik	15
DanielTsuha	2
DanielleOC	2
Daniil_Murashkin	1
Danipl	5
Dankitan	3
Dariusz20	16
DarwinPS	2
DastanShapiyev	22
DaveGuyer	11
DaveJHug	34
Davedean	3
DavidGrs	9
DavidRRJ	27
Davidjamesdana	3
Davidsanstar	9
DeB0C	10
Deamon_Rex	4
DeborahsBlessed	1
DeclanOHara	5
Deep	5
Deepakat96	4
Deepakdehradun1992	10
DeepankarVivek	23
DeepeshJ	5
Deepnarayan	8
Deepshikha482	2
DefaDylan	9
DeffoCarlos	11
Deliya	7
Derelict888	2
DeutschGraf	1
Devadrita	1
Dhawal27	1
Dheejey	6
Dhiren123	9
Dianayag	11
Dickshay	9
DiegoAOliveira	1
DiegoEleazar	8
DileepKommineni	1
DionisisKorkolis	6
DipenJain	1
DistroDev	15
DitaR	15
Divyah2609	2
Divyapalani	57
DivyeshVekariya	4
Diwakar01	4
DixitKshitij	6
Dizzle	11
Dmalamas	5
Dmaxwell	21
Dobe	15
DonNuki	2
Donichayan	2
Doogie12	10
Doraboukoura	18
Dorrin	15
DrewZ	15
DriftVelocity	8
Ducfromvietnam	6
DuchessOmnium	9
DuneSleeper	15
ECJ	23
EMF15	8
EMILDAVIS	5
EarlSeekins	2
EdisonSo	14
EduardoJ	2
EduardoTanaka	4
Edugomez	4
Eduleo	13
EdwardAnkomah	5
EdwinvdW	26
Efeas	2
Egil137	1
ElMarius	18
ElderEmane	7
Eldorbek	2
ElectronChaser	13
Elese	1
EliasOrtega	19
ElizabethMokrusa	5
Elkyy	13
Elmo92	16
Eloryan	7
Emceych	6
Emkan	8
EnamiimanE	32
Engrjj55	4
EnigmaCode	15
EnriqueFlores	6
EowynLight	13
EpervierBlanc	1
ErSuraj	8
Eresgo18	1
ErgysCuka	1
EricVS	2
ErickJimz	9
ErikBalazs	4
ErnestOso	7
ErnestoSeidel	1
Erocha	19
Erpro	25
ErtJason	3
EsraaShafik200	1
Essamon	3
Esthercita	3
ExaWatt	2
Expo	4
Eyal5	8
F0rest	6
FARHANATABASUM	16
FFoulenIT	11
FHorace	6
FIZIKS	11
FLX2	47
FMGomes	12
FabioOliveiraPT	21
Fabricio2014	18
FahadDew	6
Falcon_CS	36
Farusi	1
Fateme	28
Fatima_Sampedro	23
Fayizvm	1
Federer90	1
FelixLeclerc	3
FernandoAero	4
FernandoSaucedoA	3
Fernandotc	4
Ferryt	10
FightBoy	5
Filip-M	6
Finix	21
FionaRedmond	2
Fivospan	3
Flave	26
FlexyMan	24
Fottiros	1
FranCeri	4
Franci2014	6
FranciscoCruzJ	7
FranciscoFarias	4
Francisco_92	45
FredLopezAlfaro	20
FreeLifestyle01	6
Froilan_Regueiro	6
FromTashkent	16
Fruzsina	2
GCF	2
GEStrange	1
GISHI	26
GShiva	1
G_ojo	10
GabrielMS	37
GabrielMartins	16
GadMan	1
Gage2020	20
Garvit9613	6
Gasoso	2
Gaurav_g	3
GeGAMO	5
Geic	5
GemaSC	1
Genesis06	4
Genina	5
GeniusElectronics	1
Geophertz	2
George45	4
GeorgeFlorea	1
GeorgeGreen	68
GeorgeSeto	85
Geosphere	27
Ghis87	5
GiacomoDemarie	5
GianniSalonika	1
Giin70	12
Giovanny16	30
GirijaShankar	15
GlNeely	27
Glaucus	5
GloriousMango	1
GnanendraReddy	13
Golu111	26
GomathiSidheswaran	2
Gon-hs	2
GonzaloCepeda	9
GopalChavhan	9
Gorkha	6
Gourav220	3
GreatAmbersand	12
GreizDeifi	1
GrvKhanna	11
Gsethi	7
Guofan	5
Gurashish	6
GurpreetShanky	5
GursimranPannu	2
GustavoP05	2
Guthleif	4
HEK80	10
HEMANT_J	49
HEMEN_NABI	16
HETALSATHAWARA	6
HIMANSHUMECH	5
HLChin	13
HTSS	7
HackGeekLoL	16
HadjiPetrusev	30
HaganeshKumar1	54
Haindhavi	24
Hakari	7
HamletHerrera	2
Hans-Martin	35
HansC69	26
Hardik23	29
Harloks	14
Harol_25	19
Harsh8149	10
HarshThakkar	6
HarshadChavan	11
HarveyLin	1
HassanTariq100	4
HazelDawn	1
Hazeltari	1
HeatherWright	1
HectorFajardoAmador	5
Hein80	28
Hetarth	2
Hima_Paudyal	7
Himadri_Pandya	12
HimanshuRamekar	31
HjDz	7
Hlavi	4
Hloates	21
Hollo	3
Hong_Le	5
Horpy	9
Husler30	21
ILMTB	2
INDIANTIGER	9
ITMani	12
IamEye	12
Iamdigvijay	3
IbHelmerNielsen	5
IbtehalMohamed	12
Ideam	1
Idhall	1
Illindia	8
Illuminati	1
Iluzek	10
ImadSalimi	4
Imad_Sawal	1
Imatryin12	10
IncGadget	9
IreneRomanova	4
JAGADEESHPADIMI	24
JAnariba	4
JCH1181	8
JD_MCA	1
JEREDDYMANOJ	18
JEolmo	4
JFender57	19
JGerardo	8
JGumba	28
JHouser	12
JMPlantier	13
JMT_2015	1
JONATHANGEO	7
JPMorsch	1
JPPapin	25
JRedmond3	1
JUAN4020	5
JVANEZ	7
JVIKAS	11
JVKhan	3
JackIngram76	21
Jahnavik	62
JaiDeep08	1
JaiLodha	7
JainySamuel	11
JakeMens	2
Jakuba	1
Jakubowitz	14
Jalib	6
JanBibian	1
JanaFree	54
Janine_68	8
Jannatundewi	20
Jansonsj	19
Jarema	1
JaroslavBojda	10
JasonPDK	3
Jauz	16
JayDPatel	6
JayantDev	8
Jaydipmodi	19
JeanSebastian	27
Jeans212	48
Jeetesh	8
JeffTrowbridge	12
JeffryKristianto	4
Jehad-KH	3
Jek_Nov	23
JelenaLon	9
JenWade	51
JeremieTan	23
Jerry_007	6
Jertnevz	2
Jeshwanth	2
JessLev	15
JesseLitton	7
JesusJoint	3
Jfmetsch	3
Jhimmy_777	1
JiangQing	1
JigneshsinhRathod	12
JimEli	7
JimTurner	9
Jimik	5
Jin1	37
JiteshDange	4
Jjclof	13
Jlio04	1
Joaocampos2	6
JoaqRib	3
Joaquin_88	4
JoeCutelav	5
JoeTetteh	14
Joe_y	3
Joefrom	4
Johann_Gr	9
Johannio	2
Johir	2
John100	22
JohnBonAir	1
JohnQua	1
Johncenation	7
JonCoder	16
JonStanford	20
Jonathan2014xxx	16
JonathanCL	17
JonathanFarris	28
Jonathangasser	5
Jorgeluisztr	41
Jorgio	1
Jose791	9
JoseEnrique	1
JoseFerDN	18
JosePaulo	2
Josella	1
JoselynOrellana	1
JosephHudsonJr	21
JosephThekkekara	5
Josh64	5
Joshua_Judd	1
JosianeLopes	2
JozefKrivak	9
JuanBalta	4
JuanChico	7
JuanPabloMC	1
Juan_Luis	3
Juaniba	37
JuhlHoldaway	3
JujharSingh0603	10
Julian01	13
JulianErazo	2
JulianMV	6
Julien_D	3
Julyocsar	6
JustinasPutis	6
Justmakh2005	5
KADACHHADEVSHI	2
KATRAGADDASAIBHARGAV	24
KAUSHAL25	1
KAUSHIK1993	3
KAUSTUBHKULKARNI	3
KEVALJOSHI	1
KEYURKANSARA4294	12
KFeyNY	4
KHAN42	29
KIMVC	11
KIRAN001	7
KIRANBASUTHKAR	3
KKKarmoker	3
KManiKumarReddy	12
KPRATIK	3
KP_SHARMA	2
KROM360	4
KRays	12
KSManjunath	2
KailasshB	15
Kallahan	9
KalpalBhavsar	10
KamranNapelian	6
Kanetake	1
Karam	67
Kari_cs	13
Karin_	22
KarolisFromLithuania	24
KatarzynaRakowska	1
Katherine_N	2
KatieBate	4
Kawanakajima	10
Kenetics	6
KengBangkok	8
Kenover	7
Kentm58	4
Keonlo	7
Kesava614	32
KevalRajgor	2
KhaledEmad	10
Khamlichi	15
Khanth	2
Khurram_Shahzad	3
Khushal17	4
Khushal22	94
KikiHoov	7
KimmieCann	4
Kirigano	9
KlausKlar	2
Kloxx	8
KoZZZaK	1
Kodabird57	6
Koranne	1
KostasM	10
KrishnarajKodoth	21
KristianLarsen	5
Kristjan20	2
KristofHorvath	5
KrithikaYetchina	6
KrunalPatel70	11
KrzysztofT	62
Ksenthilkumar	6
Kuldeepmodh	1
Kunal12Sahay	4
Kunalbond	69
Kunalpecobian	3
Kwkwlau	50
LAWolfe	4
LFP	10
LFabioRosa	3
LJain	3
LKDJNG	4
LKO	8
LOKESHVB26	36
LOVEBOYADITYA	5
LRBarroso	5
LTurner143	6
LUCALOTTO2012	18
LUISMI7	17
LabRatMTK	13
LadyN	7
Lakazy	1
LameU	2
Lananya	3
Lanyue_DM	5
Larzuwa	11
LauraMik	1
Laurent1985	5
Laurent2050	38
LeYonan	2
LearnAlways87	4
LearnerAsif	2
Leebo69	13
LeelaVenkatesh	7
Leelakrishnak	5
Lehmanw	6
Lenka1989	8
Leomj07	2
LeonardMangini	47
Leonard_Lopez	13
Leoncornivell	6
LeticiaFS	12
LewAcampora	22
LewisEel	3
LeydiSilva	10
Libbymst	30
Libraries_and_Tea	3
Lilly666	53
LindaMarshall	2
LinuxMind	5
LluisLores	24
Lockin	31
Lohit_Acharya	53
LoloP	18
Lorelb	3
Lossi	3
LouShell	3
Lufer	14
Luigi1492	30
LuigiPietragalla	37
Luis3057	7
LuisCH	4
LuisPe08	6
LuisRicardoCaballero	2
Lyolka	12
MAYANKSCUJ	39
MFper4mance	8
MGuzzo	26
MILTINHO	25
MINKU26	2
MISALGANESH	14
MISHRASAURABH	24
MJ047	2
MLDev	3
MMGhauri	40
MOHAMMEDAJMALSHERIFF	28
MSA01	1
MUZAMILQAU	1
M_Bahnasawi	5
M_T_S	88
MacDev	25
Madhamish2	3
MadhurBakhle	6
Maggie_C	1
Mahesh2668	6
Majoar	7
MakSai	9
Mandeep1991	20
ManelParada	2
ManikDua	4
ManishKhard	1
Manisha94	3
ManojKumaar	4
Manojbehdala	8
ManotoshChoudhury	2
ManuelRuiz28	20
Manumanel	27
MaqboolAlam	16
MarciaTatay	3
Marco_Estudillo	7
Marcusttk	12
Maria_op	5
Marianadi	4
Mariemimix	96
MarinaBruch	13
MarioB	1
MarioCorado	2
MarioMario	16
MariusUngur	3
Marta1967	1
Martensyto	6
MartijnVersluijs	19
Martina611	5
MarufAhmed	8
MarvinTopman	4
MaryAylin	1
MaryFrance	5
Mas1	15
Mast108	4
MasterDante	2
MatLoch	20
MatthewYeung	11
Matttorrez	2
Matula82	1
Mauripf	4
Maxdarkfire	3
Maxiel	8
Maxmor	13
MayBan	27
Mayank13103021	2
Mbarsalou	1
Mbroady	25
McArroways	2
McKay_Clarey	4
MdZA	24
MechMilan	26
Mekachu	11
Mel	14
MelCorona	2
Melissa6	3
MelvinFlores	2
Mercedes_Toledo	1
MercuryPi	10
Meringolo	41
Mervynxavier	10
MichaelCato	8
MichaelObolo	2
Michael_	12
Michael_Asante	22
Michael_Porter	6
MichalT	13
MicheleS	59
MichelleKD	3
Mick_2236	6
MiguelFloresRea	5
MikeEMcK	1
MikeGSL	5
MikeJang	24
MikeS1	50
MikeStaring	33
MikeSzarley	60
Mikenitin_1992	10
MilanBob	2
Milash	2
Milin9	2
Mimaelw	3
MinZhang	10
Mina1	3
MirkoPonzanelli	1
Mirky	4
MirzaHo	6
Miss-iBee	14
MitSheth	5
Mithunvk	1
Mizaar	17
MoazR10	7
Mochamama	4
MockingJ	4
MohamedAbdelgaber	11
MohamedMKamel	12
MohammedFuadMohammedShafiq	30
Mohit009	1
MohitPahuja	14
MonicaSB	12
MorganH42	32
Moshiko	6
Mosub	6
MounicaRasagya	2
Mr-Jonze	9
MrCocotoso	14
MrKhandelwal	2
MrSaladFork	3
MrShine	10
MrUniverse	1
MrunalFatangare	1
MuhammadMagdi	6
Mulder_ua	2
Munoz10	7
Musicsniper	28
Mustafaalhashash	5
Musumba	8
Mycroft0121	4
NEO0721	2
NHutchens	12
NK0001	1
NKK	27
NKNISHANT	8
NPejovic	8
NXL	2
Nadav_Robas	1
Nagles	1
Nam2point0	4
Naman3	8
NamithaBV	7
Nand12	9
NandithReddy	2
Naper	7
NaraBag	2
NarenBakshi	1
NasserMG	21
NataNR	31
NataliaSevas	21
Natera007	32
NathanLara	5
Naveen1002051	9
Naveen131	4
Naveensankaran	15
Nawar_	1
Nazim1	29
Neestha	1
Neima	20
NelsonEnrique	1
NelsonVega	20
Nemorenzis	32
Nenad42	26
Nero9885	1
Nesari	74
Ni3machha	71
NickTeilhet	76
Nickel-nc	24
Nicky13	29
NidhiAgrl	1
Nietoperz	28
NijithMathew	22
Nikhil2126	1
NikhilKumarSingh	38
Nikitov	4
Niksdgr8	25
Nilesh03	24
NimaIzadi	6
Nishant287	1
Nishanth94	2
Nitesh_Darbhanga	5
Niteshj30	5
Nivya18	7
Njainn24	31
NouranGHady	31
Nsandoval	6
OBUsuf	11
OMARHernandez	23
OYEE	11
Oceandavid	1
Ogecrom	2
OhirunePotesan	8
OkamiXsam	5
Olena_Hoch	7
OlgaSutjiati	21
OluOladunjoye	3
OmarLUZ	10
OmarSh	13
Omipathak	2
Onfront	13
Onkii	2
Onyarbi	18
Ookami	7
OpenHead	1
Opta	2
OrangeNova	5
Orepag	12
Osanda	1
Oscar895	3
OscarDiggs	3
OscarOrdenes	3
OscarSGB	7
Oscarlbf	5
Outso	8
PADAKANTIprashanth	1
PATELHARSH	4
PATXS	17
PAWANJI	1
PIYUSH194	2
PRAKHARPATIDAR	13
PRASHANT7	34
PSINHA1	5
PUNTERHUNTER	11
Pablichenco	46
PabloAlejandro	5
PabloTortosa	2
PabloZucco	6
Pablo_GZ	30
Padra	1
Padta	60
Pallavi2014	1
Pamplona	11
PankajGode	14
Pantarhei	16
Parassood	2
ParmarDinesh	3
PascalPichelin	2
Pascalao	1
PatrickAndrews	24
PatrickHannon	22
Patrickrmorgan	10
PauMont	2
PaulG54	1
PaulNowak	8
PauloMCarv	13
PauloRodrigues23	5
PavanKumar1601	8
Pbscrimmage	11
PdRz	2
Pecio	21
PedrCZ	11
PedroChaves	5
Pergaut	65
Peteer23	4
PeterMab	13
PeterMott	13
Peter_W	3
PhumlaniNX	1
PieterKoornneef	3
Pietr	5
Pihu	13
Pikarra	1
PiotrD	4
Piyush_Deshmukh	1
Pocipan	5
Pourang	1
Praburajcse	2
Prachisaggi	9
Prafful123	1
Prafulla0104	19
PrakharKhampariya	55
Pranji	1
PrasannaJ	6
PrashantSahu	2
PrashanthKannan	19
PrashuAgarwal	6
Prathikmp	13
Pratik12	3
Praveendwn	19
Pravin10216	3
PrestonKang	1
PrettyCharity	16
PrinceAdjei	1
PrinceAkshay	4
PrinceIj	1
PrioKhan	18
PriyankaRose	2
Promie	14
Ptck_Stanton	1
Puhgee	1
PujariRajesh	1
Purgatorio	29
PuriD	9
Quartback	15
Qumrul	8
Quss	25
RAHULDIXIT	7
RAHULPRAJAPATI	8
RAHULRRR	12
RAVIDEVA	20
REHampton	4
REMON52	10
RK9932	19
RKanagaraj	7
ROBERTISKOOL69	10
ROOPA1	6
RSProf	80
RTSchweizer	7
RVKANZARIYA	2
RWM	8
RachelAdenekan	36
RaczEva	1
Rado8923	18
Raghuvir	15
Rajapesaru	9
RajatB	2
Rajatwalia	50
Rajendra_Kumar13	18
Rajesh5738	2
RajeshParmar	1
Rajibchax	40
Rajnishshyamu	1
Rajooo	98
Rakesh_Parthiban	7
RalfJoost	28
RamanpreetSingh	4
Rambo14	1
Rami_Kabbani	24
RamonaMarie	1
RampadaRana	19
RanjeetGupta	17
Ratnasamy	19
Raul_Robalino_D	2
Raushanpatil	1
Ravi_Kaza	1
Ravikumar1234567	1
Ravuth	1
Ray_1503	6
RaymondL	28
Rbsch	3
Rcesar9999	13
RebeChu	1
Rebeccalid	4
ReneOliv	49
Rengaraj	7
RennZen	18
RenzoDelgado	1
Reubenjose	1
Reybrouck	2
RiazAsaad	14
RicardSoler	177
RicardoSantoro	2
RicardoSohn	1
Ricardo_Avila	12
RichardSmith	22
RichardWalet	14
Richard_Davies	8
RichyRaj	1
RickB175	15
Ridip_De	1
Rildojt	13
Rintusarkar28	39
Rishabhg95	14
Rishabsamanta	19
Riteshkumarlenka	3
Rj442	1
Rllamas	11
RobCazar	3
RobbG	21
Rober75	6
RoberVoetberg	1
RobertPietrzak	106
Robert_W	19
RockStar23	12
RodDuncan	18
Rodcharo	129
RodgerHinson	8
Rodox	3
RodrigoTR	9
RohanArsenal	66
RohanDekate	13
Rohan_Taneja	1
Rohith1317	1
Rohitsharma2808	2
RonaldMeulen	8
RonaldUlfe	4
Rony0691	3
Roscellina	38
Rosy89	3
RoushanR	4
RoyStrachan	17
RoyaGh	2
RoyaTadayon27	2
RubenH	4
Rubenperu	8
Rudott	4
Rupesh9	11
Rupesh96	4
Ruri	10
Rvallin	10
Rvucic	19
Ryan224466	6
RyanMilani	5
RyanSu	15
S-V	12
S1703	7
SAHILTOMAR	11
SAMADHANKARE	9
SAMBOPPUDI	1
SANDEEP118	1
SATWALIYADEEPANSHU	27
SAlejo	3
SAndrush	3
SArunPrasath	2
SCtsaiEdX	2
SGKamal	7
SHABIRAHMED	1
SHAILESHDG	3
SHAURYAGUPTA	30
SHELADIYAAKASH	4
SHRIRAM123	13
SHSHAHZEB	6
SHUBHAM8394	9
SHUBHAMHINGANE	10
SHUBHAMTAWARE	11
SHUKLADAKSHAL	2
SINDHUBIT	1
SINDHURABONTHA	2
SIVAMANI321	14
SJandYY	1
SMCDias	16
SMHRizvi	3
SNEHILSETU	28
SNEHIT01	1
SOHAIL9447	8
SOMENDRA1994	16
SPARKMAYANK	1
SREESANS	25
SRH007	10
SSDN	6
SSIANJEU	27
SSapkota	1
SShreyasRohit	25
SURAJ0007	3
SWAPNIL22	34
SYED1954	5
Saahir	1
Sab95	9
SabrinaBean	7
Sabrinanas	21
Safayet_Khan	32
Sagarj	10
Sai10	7
SaiKripps	7
SaintMichael	20
Sakibhusain	14
SamKX2	9
SameerPathak	2
Sameer_512	2
SanRek	8
SanaSyed	95
SanathatMIT	13
SanderGundogan	9
Sandipan_Chatterjee	4
SanjayKacha	20
SanjuktaC	2
Sanket110992	1
SanthiK	1
Santosh_edX	3
Santy10	1
Sanyam96	2
Sarah119	1
SarasT	9
SarathRSKumar	11
SaravananMani	14
Saravanan_P	20
Sareeb	50
Sarma	36
Sasha_Desyateryk	2
SasugaNEET	8
SathishT	40
SaurabhPatil	17
Saurabhsinghs	12
SavioAnthonyVaz	19
Sayan17	50
Sayandatta	6
Sayuj	3
Sbourque	2
Schedar	3
Scigowtham	2
ScorchedHorizon	3
ScottForward	1
ScottLeung	11
SebastianJSBG	40
Sehnem	3
SelfImprovementFanatic	1
Seradja	1
SeraphimWinslow	3
SergioAlb	59
Seth13	1
Seuanes	17
ShadowZurc	3
Shafaat	2
Shahriar99	1
Shail2421219	2
ShakeelAhmedBhutto	2
Shanmugavadivelu	6
ShaoyunWang	4
SharonT4500	2
Shashank111	6
Shashwat07	1
ShastaJoe	7
Shaunontyne	7
ShawnPingel	23
SheDevil	1
SheressaJ	6
ShirleyGables	37
ShivPrakash	3
Shivam7878	66
ShivamJoshi1996	49
ShivamSaraswat	1
Shivamgupta339	4
Shivendra1993	1
ShivendraChand	5
Shobhit7	12
ShravanM	7
Shreeta	44
Shresht7	11
ShreyModi	12
ShreyaNanda	1
ShreyaVarshini	6
ShrikantMistry	1
ShuaibQuraishi	3
ShubRaut	3
ShubhamDash	1
Shubhamsoni85	18
ShuguftaNaz	1
SiamakAmiri	16
Siddharth96	3
Silverswan	8
SimunMah	1
SindhuAddp	13
SinosEvangelos	5
SiqiJian	3
Sirisadvice	3
Skeeter_mcbee	1
Skimas	4
Skor1	4
Smondal	38
SnehaKuhikar	34
Snehil001	5
Soerk	2
Soko512	1
Solounleo	12
SongYang	2
SonnyTulende	2
SonuYadav	22
Soolsberg	22
Souli	1
SourabhAil	3
Souslouf	6
Souzaxx	2
Spark1j	1
Srawni	35
SrikantJ	121
Srikantth	6
Sriram11	6
SriramAnne	6
SriramBharath	10
Stalris	12
StefanCoban	15
Stelios10	9
StellaGeorge	15
StopandFix	9
Subrahmanyam_Sai	7
SubramanyaIyer	1
SudarshanKB	12
Sugaraa	3
SukAwa	1
Sukiwa	11
Sukru	8
SumanB123	16
Sumersenwar	1
Sunbather	6
Sunyufang	29
Suraj_Patil	40
Surly23	4
Susan20	1
Susoce	3
SuyashNPTI	1
TAJAGNA	1
TATUN3043	28
TBrian	7
TILEKAR	18
TINTINCR1	1
TMVenkatesh	4
TRicsi	10
TUsedo	8
TWeaver13	2
Tahsinulhaque	1
Tamer_TMS	8
Tander	2
TanmayVakare	2
TasosKaramaneas	7
Tauhid007	1
TawachiNyasulu	1
Tcho	2
Teawhiz	41
Techead714	9
Tejas07	6
Tejas4535	30
TejasDangi	5
TekHuynh	2
TerkuraSwende	1
Teslavolt	15
Tharakan	1
TheKojent	60
TheOmen	4
ThePublicUsername	1
TheTerrible	16
ThummarDharmik	4
ThvN	2
TiagoPinho	11
TimLink	14
TindoP	15
Tipu	19
TipuSultan786	2
Tjhrii	1
Tobi1982	2
TomKap	12
Tommaso1988	2
TommyCrawford	1
Tony2013	2
TonyvdP	7
Travant	15
Trenika	4
Tscience	1
Tsuree	1
Tusar7	1
TusharChopra	1
Tuzo	5
Txoni	7
UJ92	60
UMESHTEMKAR	13
UdayGaitonde	48
Uesli	2
UmaDeepthi	1
UmangAjmera	1
Unreserved1024	6
Upalkarmakar	2
UpendraKr	1
UrimC	1
UtkR	1
UweE	1
Uzair1	6
VANDANA1961	9
VERSAIN	1
VIJUNAIR	1
VIMPI54	5
VISHAL562	1
VVRanzan	10
VY18	23
VaggelisKarathanos	5
Vaib123	10
Vaibhav027	50
VaibhavGawande	4
Vaish23	8
Vajjuari	7
Valima	12
VandanaA	59
Vanished	2
VanitaW	1
Varsha09	3
VarunNJ	2
VasanthanN	6
VasylS	3
Vecody	2
Veroatty	5
Vetzascoa	3
VeveritaIon	1
Vibha_M	4
Vickyrocks	1
Vicodin	1
VictorLeeBaca	15
VideoKojima	3
VigneshDesai	1
VikramRadhakrishnan	11
Vikram_s86	1
ViktorTurunen	5
Vineet18	14
Vinkela	19
Vipul	7
Vipultiwari	1
Virox	5
VishalParikh	4
Vishalgpt121	12
Vitomir	41
VitorSantos	4
Vivek119	33
VivianaCandia	5
Vjeran	1
VladCopil	42
Vnic	1
Vratin	1
WNY	3
Wajid786	8
WaleedHmmr	2
WaleedMirza890	12
Walter227	34
Wangna	2
Waqar789	10
WashingtonOrtega	2
Wayn01	4
WayneWheeler	13
WebberHuang	15
WeezyRSA	3
Whitesoul	9
WhyThompson	1
Wilberto	2
Wilcordoba	5
WillerReis	7
Willie88	20
WilmotValleyBob	18
Wilson93	3
Wmnazar	14
Wrights	20
WrongGandalf	4
WyntonSmith	1
Wyv	1
Xeut	4
Xicu01	4
YASHBANSAL	2
YASHSONI112	12
YLTO	8
YOYO06	3
YQT	5
Yabac	1
Yadhunandana	3
Yaseen14	4
Yash_Mistry	4
Yashsarawat	83
Yatisem	29
Yma9611	18
YogiR	3
Yojamny01	5
Yosmany	11
Younesah	123
YuriyVidineev	4
ZA90	39
ZAINZAMEER	8
ZQK	3
Zak2	3
Zambarix	11
Zboru	2
ZeinabTakalloo	2
Zhabassova	8
Zhande	15
Zhengwen	59
Zhhzh	13
Ziggy365	8
ZipperGalio	26
Zoltan_RO	8
Zotter	2
Zunrenlim	6
Zuzda	5
_F_	1
_juca	4
_rishabh	9
a2gpt	10
aPaulius	8
aakash_dixit	3
aamr94	9
abaghiyan	4
abda1971su	8
abdooo	5
abdoufrk	7
abdulashfaq	4
abdullahahmedali	1
abdulmajeed11	6
abeseye	2
abhi0415	3
abhi1012	18
abhidipta	4
abhikalpeeeeeeeeeeeeeeeeeeee	5
abhinandkishore	10
abhinaythunder	2
abhishekguha	4
abhisheksen360	20
abhisheksodium	1
abuakram	12
abulm3	19
achu2393	35
acozzi	18
adehsenior	6
adiljonna0	3
aditisinha	8
aditya0101	3
aditya_agarwal	6
adityabvp	1
adityaganeshram	6
adnan26808	12
aerkagrawal	6
afandradeh	37
affaau	39
agit025	56
agrawalvipul94	4
ahmedsaifeldin	18
ajax4real	1
ajay3158	20
ajay5	10
ajayjakhar	8
ajesh_nair	29
ak51	3
ak_m00se	11
akash945	1
akashaggarwal	16
akashmnnit	2
akashsrivastavahariom	9
akhichals	3
akhileshgandhi	3
akhilghatiki101	2
akshathatinky	5
akshay95rc	2
akstringking	1
akumar05	2
al1309	25
albapinop	32
albioncutter	1
alcyone7	21
alecita09	6
aleeanjum	2
alejarivera	1
alexandru13	4
alexastanin	5
alexity	4
alhawwash	30
aliakbarhoomini	6
alishanvr	1
alokkushawaha	2
alonso11	1
alquin	6
aluysiogothardo	53
am2013	2
aman6jan	35
amanpreets	11
amansaini87	2
amartyarej	2
amber203	14
ameelmusani005	4
amiine01	3
aminabbaspour	2
amirmiguel	1
amitkoppad	36
amitpandita	4
amitst	5
analavishal	1
ananddarji	21
anandhatte	1
anandiitr	10
anant341	59
anantkgupta	38
andres_VR	3
andrewl7	16
aneeshgangal	17
angeshpokharel	1
aniket1234	5
animeshbaranawal	4
aninhalouisa	2
aninitin	2
ankush28	11
anmolkabra	11
annawirija	4
anoncodelearner	14
anoop1987	3
anoop_vai	5
anron	17
ansh8989	16
anshu43	41
anshupriya	2
ant2k22	20
anwar487	31
apc231	2
apudas	3
aravind005	2
arihantjain007	4
arindam20	2
arismendi	1
armandox	81
armo1	6
arnoldoalcides	28
arojas02	19
arsh4387	17
artaxes	36
arturosazar	13
aruanna	3
arunax007	15
arunbahu	3
arunkumar12209	16
arunsingh007	10
arunsomu	4
arunthakare	3
arvindjnp	8
asdfghjkzxcvbnm	6
aseil	2
asesh	7
ashish8833	4
ashishjain13	3
ashishkmr04	3
ashishuppu	22
ashmah24	3
ashok1720	16
ashu786	17
askorek	1
astudyman	2
athoschl	1
atif78692	2
atiolraphael	11
atlantis0914	1
aura2014	6
aussiemale23	13
austindoc	1
austinfl2	4
autolearner	1
averageperson	2
avi008	4
avinashkharche	1
avislsiva	13
avocado1257	28
aw77	4
awgcas	14
axesd9	2
ayeshaangel	5
aytackocabas	37
ayu3shi	46
ayushigupta	3
ayushjazzy	25
ayushpandey12	3
ayushs089	7
babpap	7
badalgamabharath	42
badimalamadhu	13
bakait	2
baksonjr	14
bamideleelusade	23
bansalshah1	1
barbapapa1966	13
barreto_anderson	38
barryraymond	5
basantbps	4
batthulas	1
bboan	2
bbouzidi	14
bboy	14
bdas	1
bea_lk	3
beast1729	1
beccamoore	9
beguur	11
bellache	4
beninbf	7
betobeto	25
bevilaqua	38
bgodwin	15
bhaa93	4
bhanu3397	1
bhattacharyabhaskar	4
bhaumikspatel	26
bhaveshpandey	2
bhavinpattni	2
bhavypoladia	6
bhupal	15
bhushan-mer	3
bichuu	11
bijumgopal	14
billfill	37
billijay	7
birtuos	35
bjay4u2c	27
blablaotto	1
blackknight0	11
bluepills	11
boby	19
boluwaduro	15
bribre	8
brightuzzal	2
briyani	8
brizzler	2
brnjas	4
brobera1	1
bryanjl123	2
bud425	1
cagrimetinege	14
cahuben	34
cakuhn	4
calcard	3
camarondelaisla	252
camilo01	5
campdad	2
canharper	9
canttellyou	7
carlos101994	6
carlosdemian	1
carlosrodriguezc	12
carloswilsonperez	6
carrots4291	1
caubemuahe	10
cblackett121586	2
cdietzi	42
cesaraisha	7
chaarlo	4
chandananishankara	2
chandhrakiran	10
chandrasekharan	3
chaneque	3
charannath	139
charlesdove	13
chauhan8	52
chautob0t	3
chemsluc	3
chetan_crasta	1
chetanchandrakant	11
chetangangappa	2
chhanndresh	7
chinki_singh	29
chintan993	12
chitrangbohra	11
chittimalla123	1
chrisg13569	20
christophersathiya	61
cijoyee	5
cj1031	3
cjvolkert	16
clairelj	26
clarvic	2
clau90	17
clickspiker	2
cloudgate	1
clsilva	2
cm1980	7
cmpv	5
cms654	7
cnort	2
codes4life	8
computern3rd	4
contrail844	21
cornelius110	9
corocota	37
corozcos	7
cosmas13	35
cosmiceagle	1
courtrojas	2
cpbenson	6
crackerjacker23	3
cre1988	16
crossole	1
csravan198	6
cwjd	7
cybermandu	20
cyrilmanayath	30
dRohan	32
dagalema	15
dagars	10
dahrah	3
daledum	2
danacbor	38
danaioana	5
danangcrysnanto	10
danarefayne	3
danayettey	4
daniamancio	10
daniel3323	6
danielescobarj	10
danielvalenciav	33
daniil89	4
danj111	5
danospanos	8
darismendi	2
datmasterpro	6
davidllwilliams	6
davidnln13	1
davitnah0513	1
dbrontvaj	2
dbrown-ns	6
dcarvajalp	6
dcaudill	55
dd80ipankar	12
ddinhta	9
debaprakashnayak	22
dedgeu2	3
deepa_ramesh	10
deepak242424	2
deepakkrchoudhary	27
dennism1025	31
desmondpatel	29
detran	16
dev16	2
devangry	2
dfgdfgt	22
dhanyas20	4
dharmesh95	13
dharsunil123	3
dhruvpandey3007	27
diana_02	18
dielecktro	2
dieyoung	1
din21	7
dinazh	3
dinesh786	15
dinnu	10
diogo_do	56
dirender456	19
divyansh123	3
divyanshuSingh	1
dj_jdo	2
djoum25	2
djstrikes3	3
dluxelectric	3
dm10	13
dmacek1	13
dmakovac	1
dogplate	87
dogsbreakfast	16
donison	1
donvm	3
dorota21	17
dragon23	12
dralexmathew	4
drenshp	3
drnanjo	3
dross010	2
drummerbigt	4
dshestakov	3
durgeshsingh90	2
duttakapil21	10
dyob	7
dyounis01	4
eLnof	20
ebj9	9
ecasas	14
eddieasap	2
eddyodwyer	6
edemerjian	10
edgarslakis	39
edilbeto	7
edwardmitchell74	5
eeSourav	5
eginardorosales	15
egtrena	1
eguevara	1
eightiesactionhero	4
ektasunny	1
elmoor	2
elpack	3
elrociodetuamor	4
elwaseaf	9
elwindly	2
emachem	6
emz24	20
engineer007	3
erfelf	1
eriberto	15
ericescobar	3
ernestocueva55	2
eruizg	6
erwin07	1
erwino	4
esaccotelli	3
esagwa	13
eslamzidan	1
esper7	3
ethanhunt1604	2
ettipeno	12
eurotopsy	1
evgvasebal	1
evilek2600	5
evln85	8
evpavlos	3
ex3rgy	1
exploxx	5
eychin	9
f44n	7
fabriceroland	19
fatimarocca	5
faxavier	52
fazalhaq	3
fernandorg	12
ferosomar	19
fgbarbier	11
fidel1991	2
figuerlf	7
fionayong	5
fishinnabarrel	1
fjsully3	1
footyApps27	4
forest76	4
formagini	2
foundrysmith	11
fpasquini	10
frabuel1	4
frankcatalan	5
franzsunil	5
freewind	2
freshko	13
frmaf	4
frogprints	4
fruitflye	14
fstirling	4
funnydog	6
furcolo	51
fverra	3
fwklee	2
g3mini1000	15
gabilopezcanda	13
gabrown	13
gamiramesh	1
gamol	3
ganesh17	2
gastonrzd	2
gauchik	1
gaudreault	14
gaurav1104	1
gaurav1292	2
gaurav48	2
gauravk720	1
gbadali	4
gbengaoluduro	15
genimolinajack	2
geniusthought95	18
getsetgo	2
gfvioli	2
ggpoli	25
ghandis	3
giljunqueira	14
gimbulino	14
gkrimpas	36
gneralduke	2
gnjock2013	2
go_programming	11
gorkhe	1
gourav33	10
goyopepe	1
grigor22	1
gromanog	9
gtkomorowski	19
guba11ro	15
gunjanarora	1
gupta_anju	5
guptatushar	16
gvasil	30
gytang	5
h_andrey	2
hafiz12575	8
haitham910	1
halambrito1	2
halfonso	4
haliloo	13
hameed_4g	14
hamidSd	4
hanniafrias	54
hanxuzjuckc	2
hararaja	24
hariatsky	9
hariharan1995	22
harinkarthik	15
harjinder733	23
harsh-pandya	5
harsh_goel183	2
harshagadiraju123	10
harshit8586	22
has26	2
hasanb07	3
hasnaincusat	2
hassan91	1
hastynasty	1
hatuey13	12
hayfever	5
hectorgz	2
heinwlouw	10
heldervieira	11
hema_maf	10
hemalathaArumugam	19
hemuinakollu	2
henrylui	12
hermayn	6
herneyrojas	2
hershsjc	3
hesham5492	5
hfernand	12
hgbs	97
hi2edx	24
hial53	4
himadhar	2
himanshu310793	7
himanshukiet	2
himmat	2
hisener	11
hitman786	3
hjcc	1
hksharma1998	2
hmncube	2
hnn	23
hobsons_apprentice	1
honey05	27
honthraj	5
hosein82	2
hoshiar	3
hosseinm	12
hqphat	8
hqying	23
hrishiw	4
hrisoni	12
hrshtshrm173	67
hubeek	3
hybridoJMB	17
iLearner	11
iboakye	1
ih7	45
ikivar	1
il76man	17
ilyas_te	1
imed_soum	9
imhoodrich	2
indrajitdan	2
indranilkundu	8
inetwarrior	4
inganiero	12
innojaime	6
irfan1982	2
isaceda	4
ishankossambe	13
ishrat786	1
it_nish	2
itamarfilho	2
itrema	6
itsRahul	7
itsjoshjimenez	8
ivan222	3
ivan99	4
ivan_bozic	3
ivanhp	48
ivsinha	8
iwllbethebest	1
iyesildirek	6
jack25	2
jackacid	19
jagadeeshpedemi	82
jagadeeshrajaram	2
jaghnane	3
jahartwick	72
jak1111	6
jakubcik	12
jam1029	3
jamaaOne	3
jamestanaka	4
jamiebrynes7	2
jamo0312see	2
jamolan	8
jarangoz	3
java7nerd	9
jay_upadhyay	1
jayapreethi	4
jayavardhan313	22
jaynewsome	7
jberlanga	16
jcamaren007	2
jcbm	11
jccajar	4
jcervante	25
jcpro	2
jcsjcs	3
jechever	9
jeet1991	2
jeffreysaviojoseph	5
jekelo	14
jenny04	2
jeremycaum	5
jesusadan	3
jesusantoniocard	4
jetoney	19
jfspence	1
jh_21	35
jhao17	1
jheiles	57
jhemmings	5
jianwang1974	61
jiddu	28
jigyasha	22
jimkress	6
jimmicat	20
jimmyjim11	28
jimpire	5
jioyarzuni	12
jithinrajanbabu	2
jjd17h	2
jjoaocunha	2
jjoel132	2
jjpp109309	24
jkkiran	3
jkone27	4
jla10h	11
jmansen	6
jmhernandezh	26
jmreguiluz	1
joaouzae	4
jogarza	33
johndata1	28
johneasley	2
johneche	34
johnlau832	1
johnpower	1
johnprice2	49
johnsv	26
jomanw	22
jomike777	8
jonell71	7
jorgeyh	20
josammaine	5
jose1756	7
josearaujo1992	10
joseluis1201	1
josembello	15
joshpmyers	8
josifer	3
joteks	4
joy-india	4
jprelhaz	35
jrgg	17
jrowles	4
jsaurabh	4
jschr	3
jserranodf	7
jsherp	24
jsprlaya	2
jstoms	42
jtmeros	8
juanmorillios	17
juanrivas007	1
judit_csaladi	6
julianjaimes	1
junaidmaknojia786	3
junejaalok	1
justasflash	4
jyotii	4
jzhang15	3
kabir12	6
kacperprusaczyk	1
kaelcao	5
kajalgupta	48
kaksonen	1
kalyansri	26
kamal3kashyap	3
kamalmoussa	2
kamalparyani	4
kamaltewari	4
kamanason1	9
kamlesh45	1
kampfer	20
kanth99	7
kapetanmichalis	18
kapornith	6
karanmathur	2
karnik	2
karrashiny	11
karthelegend	39
karthick001	2
karthickGanesan	41
karthik815	11
karthikdb	3
karthikeyan94	14
kartik9595	3
karyfa	10
kashishthukral	10
kasirohan	3
kasplat	15
katilda	4
katsurou	142
katty199t4	4
kaurharleen	2
kaushikrohit	90
kavinarya	1
kaz101	1
keerthi22	29
kefren007	45
kevinuriza	2
kevpatel	5
keyschurrine	2
khaled012	3
khaled131	12
khalilbs	6
khalilhassebi	16
khanjan9	5
khannadhinesh	6
khannadhinesh1993	5
khateymunukutla	1
khichi	8
khoranisuresh	7
khushbukareliya	1
kiara_2692	4
kibens	11
kieran312mit	2
kimbalips	6
kingphil	3
kingwill100	4
kirillov	7
kisa	4
klehmuss	35
kmappe	17
knouxbaughdie	3
knppeters	10
koati	3
kobbyguitar7	4
kolliAravind	10
komalthakare	2
koparsky	5
korosh	2
kovacsm	2
kralizeck	47
kranthi1	6
krchowdary	13
krishnatejabharadwaj	2
krsudhar	108
krystiank	1
krzysztof_szalaj	3
ks44	7
kshmadadri	54
ksjksj	1
kulanuj	12
kuld33p	5
kuldeepvaishnav	7
kumar_rishabh	4
kumarkeshav	3
kunalbhatia	1
kurtruk	2
kushaal96	26
kushalkempaiah	32
kuwon194	5
kwatra_ps	7
ky999999	2
kyogesh91	5
kyosuke_kosaka	16
ladyvicky	8
lakshayk	2
lalukumar097	5
laolmstead	2
lateefkabir	4
lauranolting	1
lcabrerad	1
lcarvalho	19
ldiazb	3
learner9	27
leoag	3
leobl	1
lifelonglearning	2
lilydove	9
lizzwire	3
lkeleti	6
lloydellsworthwilson	15
llshi	8
lmputz	14
lmunoz65	44
lobecraft	7
lolitacandi	3
lollo	1
lonehuzler	24
lrsabug	33
lsan	1
lsantiago	34
lucasbaba	152
luckyphile	5
ludovicvalet	94
luiseduve	8
luixmg	2
luoxuan	1
lvhkrishna	6
lwalzl	7
m0435023	41
m_chelekova	2
m_sauter	7
maalmeida85	20
macphisto82	1
mactonio	2
madmat2	91
magaruhi	38
maguichu_19	7
mahendradodiya	7
maheshkale1994	44
mahfoudh_s	7
mahram	1
maikoboyo	30
mak537	1
makshah007	5
maksi78	3
malhaar	4
mamba747	16
manbindu11	22
mandarkothavade	5
manikanta987	1
manish4	14
manishkg150	2
manishsachan	3
manjeet950	9
manjeetnam	1
manmohanpandey	18
manmol59	3
manncy	15
manoelneto	18
mansud	1
manucd	1
manumaheshwari	5
marcosrodrey	12
marcusgj13	6
marinaBarbosa	3
marinanashaat	6
mariongb81	4
masatak	21
masoombajaj	1
mateen123	21
materiales1950	20
matmeh	2
matrixchief	5
matthewbeltran123	24
mattwash080883	4
mattyu	3
matuldo	1
maucurran	1
maurya12	1
max_egc	36
mayank15071991	4
mayank360	8
mayanksapra	3
mazensaad	1
mazmer	2
mb005	11
mberket	2
mbuitrago	9
mcchk	25
mcermeron	40
mchalel	6
mcoscione	1
mdu-dlams	2
mech_13dec	123
mechvivek	2
medhavikumar	27
medinfo2000	19
mehmet0831	10
mehulk22	18
mek0_luxor	3
mekumemu	12
melissawilson	11
melpomenne	14
mem100	2
menfic	2
meowmeowbitten	1
meshramsd	10
metemadi	2
mfernezir	11
mgrobi	6
mhabijan	35
mhdjamil0	2
mhkhattab	29
mhocquet	7
mhran9333	1
mhwelsh	6
micheldt	12
michelerickson	10
midkid22	6
mido1994	2
mikehx	11
mikkee	7
mikoma	20
mildrdjim	10
miles24	11
miltony	3
mini_nini	16
mirakkarim	1
misagh9	12
mishism	1
mishra1995	12
mjmcconnell	3
mlriggins	2
mlukasiewicz	1
mmaraney	25
mmarquezvacas	7
mmaslyanko	23
mmosley	34
mo2aly	2
moamenelgayar	4
moaznasr2014	2
mobinahmad	1
mobmarshall	2
momose	8
momowong713	18
momughal	2
mondone	7
monica_	1
monkeymoda	3
moonhee1105	5
morecowbell89	1
mosunalimi	2
motheri	15
mpocius	8
mrchiwizi	22
mridul9	26
mrimpliedvol	4
msdheeraj786	26
msg696	50
msraju	4
msw999	6
mtanikanti	1
mtk4yu	56
muain	45
mudmantim	1
muhsinider	5
muks1995	6
mustafa1453	82
mustamias	1
muthunayake	10
muttoni	6
mvenegas	1
mvgarcia2006	14
mvvs	8
mwane	2
mzegarraventura	40
n75ruiz	35
nagwan123	3
namandal	5
nanani1729	10
nandkishor1	3
nanen	15
nannurikoushiok	4
nanodan12	6
naresh14354	20
naterod5	1
naturalblues	1
navdeepSingh13	4
naveedannoor	2
naveenmurugan	2
navneet_ipu	5
navsumeet	17
nawallbar	4
ncoupern	22
ndohoffman	23
neelzz	6
neerajeee	11
neerajg	10
neet222	2
nehagoyal	8
nehalathaneelam	6
nels	12
neocat	4
nepal84	1
nepiscopo	15
ngcaratzas	26
nhutchins	10
ni1985	42
nibhrit	21
nichair123	4
nickredsox	5
nida2	22
nidhidattatray	1
nihal88	1
nihan1593	28
nikgs	3
nikhilgupta	2
nikita2004	6
nikitagupta10192	15
nikki95	15
nilayupadhyay	5
nileshbirari88	1
nirlesh007	2
nish5uec	11
nishant9	4
nishantgupta95	5
nitinaashu	7
nitincc	39
nito19	8
nivarp	8
nixonxxx	4
nklitzke	1
nlea	2
noahvernon	1
nobodymukesh	20
noknok	29
nokuteshimo	1
notcali	10
notworkste	1
nov9th	19
nrj11	5
nsellis8	1
nsuman_30	5
ntnjmit	16
oamer	3
oaoropeza	1
obro	11
oframe	53
ofultzjr	1
ohplaythatthing	7
olivermj	2
ollikahnstex	18
oma_	2
omand001	3
omarcampos	1
omarkhaled1995	4
omerakayy	17
omneyaahmed	3
omniahmad	2
onkar_jadhav	4
onyiemma96	3
oorbes	20
orri	32
oscar187us	18
oscarfortega	2
osim	24
othar	2
othert	1
ottonpereira	11
p97154	16
p_a_s_i	9
paakofi01	3
pacome78	2
pailashyamprasad	67
pakko	7
palaiologos	1
pandey007	4
pariluwang	3
pastor1n	2
patel2	12
patelmonline	4
patkaraudumbar	3
pavanballa	5
pavlmich	54
paw376	20
pawel2104	29
payalsahane1	10
pbullough	4
pcaringian	3
pcce09mc	5
pdbshishangli	49
pedrozalexandro	2
peertaha	4
pekka	38
pel04job	3
pelagiak	3
penguinhack6281	9
pennylenny	3
percy2609	1
pery_vk	9
petroglyph	1
pfhughes	3
pgrugby	3
phani325	24
phatphred	34
phsant	26
pinox	66
pintukumar	6
piotrkrzyzanowski	9
pjpjpj	1
pkalinowski	4
pkavya1212	13
pkjbmp	2
pledw15	40
plochacz	5
pmanish	2
pnkvg	2
pnzanzu	4
pookeye	4
poty	13
pr07809	48
prabesh01	2
prabhatranjanmisra	12
prabhusankar	49
prafulasingh	4
prakashraaz	10
prakhargoel	2
pranavmehta29	1
praneeth7578	12
pranitha92	3
pranjalBOY	3
prasad01	3
prasanthrenganathan	2
prashant159	1
prashant_R	9
prashbang	15
pratheepanj	12
pratikaman	5
pratikns	1
pratikparekh2013	7
prawinbhatt	7
preethisaran	1
premashim	1
premchand17	11
princechauhan07	16
prithwish	8
pritisha	7
priyangsu	79
priyankayadav125	4
priyanshmishra	75
pro100alex	7
pro2911	4
protocol	2
prz	18
ptldhruval66	12
pujacs35	17
pulkitsoni	5
pureblood	3
pushvinder	12
pvngupta661	4
pwrofknl12	1
pxs8993	2
quasars	17
r11saini	18
r_landster	2
r_vivek	3
rabelsan	1
rach11ee	2
racingdodo	2
radha2	3
rafaelgamero	2
rafaili4	2
raghavareddy	4
raghu0711	4
raghuchinchedu	21
raheeli	12
rahulchicholia	9
rahuljha07	8
rahulpodapati	3
rahulrathi22	11
rahulwalkar	3
raiyanfarooq	12
rajrupborooah	8
rajshankarsingh	4
rajvinay	5
rajyalakshmidivi	3
rakesh28	6
rakeshn	5
ram7krish	10
ramanajee	2
ramcy	2
rameeziitian	1
ramitverma	9
ramuu	8
raskelf	36
rasmusnagel	1
rastgeleo	3
ratheesh1993	4
rathod	17
raussie	1
ravi8994	1
ravidas057	15
raxrej	15
razanihamed	1
rbarchein	34
rbatad	8
rbt5009	11
rcalienes	4
rccjrccj	24
rdiazh	4
readeaux23	11
reganmech	9
reneriogent	2
reticularformat	26
retroreflector	7
rgalmiche	12
ribeye	1
rishbahbakliwal	1
rishisai	1
ritikamishra	59
ritike	1
ritzcharlton	3
rizejt	16
rizwan319	1
rj-90	5
rkm2013	12
rkshgtm	16
rmanohar	3
rmsuleman	2
robbi79	5
robe_iv	9
rockinela	2
rodcoimbra	9
rodrig500	1
roedx	1
rohan_m	7
rohit1234	1
rohitmall	11
rohitreinvented	2
rohitsriram	4
rohittihiro1729	3
rokitop123	3
romke	12
romo100	7
ronilsukhu	4
ronniejdiga	30
rosalvo	8
rossellafa	22
rosspayn3	1
rots	14
roysushil	5
rrgami	6
rsanson	3
rsatari	6
rskirkpatrick22	4
rsm	50
rstambe	1
rtNeveau	2
rubencaste235	15
rubenmart	3
rudolfmk	2
rukkoteswar	2
rulu158	20
rupesh01	9
rupsai	20
rw1275	31
rwn3	12
ryanduq	12
ryanyanke	7
ryod	9
saad2733	1
saad7868	46
saainarayan	16
sabyghosh	24
sachar	20
sachinkarandikar	12
sachooo	15
saclarke	4
saedd16	54
sagarbonde	3
sagarmishra	17
sagarmred	2
sagarprana	1
sahil333	2
sai18	34
sai_trinath	11
saipraneeth	2
saiprasad123	3
sajal_aggawral	1
sajan999	3
sak1	8
saksh	2
sakshiSingh	5
salali	3
salehmech	14
salem178	3
salman_alam	8
saloni4080	8
sam_chance	22
sameer_saxena13	10
sameerthekhan	22
samiha23	12
samin93	66
samjam5	2
samuelopatacon	3
sanchla	10
sandeep121	6
sandeepdwivedi	3
sandeepunna	2
sandrinhap	16
sanh	7
sanikapatki	2
sanjeevkm0912	13
sanjpush	6
sanju276	3
sankanischal	1
sanket95	13
sanshika	35
santhoshavarma	6
santhu99999	45
santoshbhosale	6
saran16	3
sarang93	11
sarans	7
saranshjain	16
saraolive	12
saravana_the-robot	17
saravchem	10
saro4u	1
satishsaini	9
satou	3
saumyajitdey69	2
saurabhsaboo	8
sauranshu	28
savya93	9
sazazul	2
schadommt	7
schlenkwad	1
scward11	16
sdmendez	10
sebastiantoro	20
sebasv	2
sebyland	11
sekarV	29
selvamary	12
semakasa	4
senser	2
senthilanands	3
seobrat	9
serjude	6
servodipson	5
sevans	27
seyedhadiziatabar	1
sfaal1	2
sfirisspiridon	8
sfisch	8
sgoedgeluk	1
shahidtumbi	15
shahnishil92	10
shaileshahlawat007	4
shakeavi	3
shakesbeer23	9
shambhoo1	2
shameemf	2
shamsulshubho	5
shanmukhananda	12
shanthisivaram	9
sharmakvm	19
shaunak5440	33
shavitpriens	12
shazly1594	25
shifalika24	2
shimi	6
shinaske08	11
shiningSTAR06	9
ship	5
shiralehmann	12
shish7	2
shishirkant	1
shivakalyan357	3
shivam293	2
shivam509	2
shivam_k	1
shivamchawla31	13
shivampaliwal	9
shivapuppala	22
shmtuhin	3
shobhit-shriv	8
shomdnichs	9
shouriemrss	17
shravanikadaru	1
shrazing	7
shriram22	43
shruthi92	4
shubham15071998	5
shubham1593	12
shweta152	73
sid08	2
siddhaarthd	1
siddhantbansal	5
signal_miner	2
silpheel	18
silviutopa	10
simybas	10
sintosathc	19
sisou2012	43
sj3033	3
sjbob	2
skarthike	3
skceb	3
skiesallsingalong	7
skipper165	23
skyadventure3	1
slgodfrey3	1
slush1000	3
smit2busy	12
smutkovski	3
snsaquib	24
snx98	4
snydersarah	27
soammohanty	2
socialmother	1
sockary	8
sohidulbeauti	4
somdeb	1
someshvar	24
somnath	2
sonamsawant	21
sonumaurya	5
soodrishabh	1
sophiabee	1
soradesta	1
soumitro	2
sourabh819	1
sourabh_sahu	1
soutexmex	3
sowad	7
sowoldemichael	2
soyvivas	9
spacemonger	4
spathakus	4
spinspan	3
spiritsky	15
spnaik	2
spyros000	14
sreekanthkolavari	4
sreeramvivek	11
sri132	2
srikrishg	12
ss1618	2
ssdola	3
ssmurali	19
ssreepada	8
sssk9797	10
stbn694	9
stephgorman6	9
stepingnik	1
stitch01	9
stlstrategies	3
stnkvld	2
strat0	5
subham363	2
sudhanshupathak	12
sudhanshuvinayak	3
sudharshan1987	1
sudipta_m	114
sugionodjojo	1
suhagpatel	9
suhailahamed	2
sukovanej	3
sukrut22	18
sukrutmondkar	1
sumairsoomro	2
sundayrow	9
sunilniranjan	16
sunilreddy131	12
sunnychangediya	4
sunrag	10
surya17	7
suryashankar	36
susanrahimi	2
sushantbhangale	1
sushantboy	17
sushantsrivastava84	8
sushmasree	11
sustagen	2
suyashjhabak	2
swag22	9
swapnilc14	10
swapnilgunge	5
swapnilnkt360	8
swarnadipmitra	1
swatihp	20
syamalamalladi	10
szekibarbi	15
t0t0	21
t4rg3t	2
tabrez20	1
tabtop	4
tanhum41	4
tania1	1
taofeng	46
tariksakr	3
tatper	1
taurus26	9
tausif0507	6
tazmaan	10
tdcosta	32
techshubh	7
tejesh007	3
tejuvenkata	1
temish3142	3
templelaw618	1
temsah	18
tezcatzin	3
tgreen9381	3
thabettlili	1
thattvamasi	2
thefonz604	9
thepasserby82	7
theraptor05	2
tibastar	5
tiferreira12	1
tiger5	29
timacade	3
timothy235	12
tina60	5
tlabotka	9
tmnbhat	1
tobiaswilson	1
tobmanoj	2
tommarow	5
tonysss3	3
toshio_g	6
tourn	3
trevorlewis	4
trivedipy	8
trueme	37
tsandlin302	5
tsewall	67
tsilviu	2
tttoon	3
turbos3	2
turttle73	5
tushar11340	2
tushar_desarda	2
tusharphysics	6
txindoki	2
txuseta	9
tyls	1
typhoon007	3
ub757	6
ubairmehdi	7
ubaki20	2
ubiquity	1
udaykumar3011	36
udaykumarkuchana	6
ugl	4
umarkhatabkhan	8
umatpc	5
umerkhan009	23
uncleskid	3
unwin171	18
urmila_deshmukh	46
usamashahzad53	1
user1989	4
utomasa	7
utsavshinde	23
uttamkariya	7
v1995v	14
vader_fox	15
vagabundus	16
vaibhavkhiratkar	36
vanessa618	2
varinderbarmi	2
varofachile	6
varun9485	1
varunsm	9
vatsalDMJ	35
vberenge	12
vdvogt	17
veer123	6
veerababu3	1
venubabu123	7
venukgp	1
veraabad	26
veryhoudini	2
viakondratiuk	17
vickyvicus	6
vickyvignesh	8
victordoors	9
vidhanjain	7
vignesh1993	3
vijaybhan	6
vikas2386k	13
vikrant04kiet	8
viktor489	16
vimal03091998	3
vinay7	1
vinayak_nayyar	8
vinitkej	1
vinkai	16
vinuthae	2
vishalghodasara3	5
vishalparmar123	35
vishnu31890	2
vishnutav	2
vishwajeety12	2
vkgupta	1
vladdamian10	3
vnadar	3
vodanh1407	5
vojhlav	1
vrajmpatel	14
w343vaughn	1
wadhwa	12
walechavaibhav	1
wangdu	5
wanth	13
wasim403	7
wassim1993	27
wbrivas	4
wdgong	17
williammcavoy	9
wkarny	7
wlad66	5
worldpeace	10
write2smk	3
wspsales	17
wushuzh	2
xEverth	9
xadax	2
xdaimon	3
xenon701	1
xyzabc1	5
yahia123	45
yaninad	53
yankee_jain	28
yao1	7
yaw_desmond	5
ycherqaoui	4
yejide123	20
yerricool	15
yesh95kotha	7
yimanyi	1
yinrui	76
ykassimi	5
yogeshk	5
yogeshsingh073	7
yohanwai	10
yonathanposada	1
youcefdechache	1
youngfunny	1
ypsonar	1
yusuf	3
zackattack24711	2
zaee1	1
zakzak200	37
zan1	5
zankhawaja	13
zany	39
zao	26
zaq123	11
zarnajain	1
zeruay	30
zetabyte	5
zethib	2
zippy99	1
zl	76
znaeem	5
zoyagham	3
zsarah001	1
02skyBlue	5
089	9
0Kim0	9
1008Ritu	5
11conrad	28
15radz	7
1JobHunt	40
1King1	33
1Sara1	64
1sko1	3
2014ucp1672mnit	1
23295salma	22
2402harshyadav	2
2724LD	1
2bgreen	7
2bigdogs	12
2o0z	11
4448makp	30
64ALX	3
7305344133	43
77sanu	11
8n1	15
960019709	5
AAMP31B	2
AASHIRWADJAISWAL	7
ABDNavelkar	1
ABOUTARBOUCH	1
ABanerjee	40
ADE29	10
ADITYA959	7
AFFP	14
AGKashyap	14
AJAYPOSHAK	3
AKASHDARADE	2
AKASHDEEPVERMA	1
AKNIMBALKAR	12
AKSachdeva	18
ALASgc	19
ALeMarechal	8
AM83	6
AMAN090595	3
AMAN_3008	6
AMITHKUMARA_HB	10
ANUBHAVSETH	7
ARYAMUKHERJEE6	27
ASANTHISWAROOP	1
ASHISHDHAVALE	5
ASHWIN07	2
ATA83	7
ATmega8	1
AVINASHPANDEY	4
AakashLakhera	6
AashiqueAli	19
Aashiti	5
Aayush_Code	3
AbdHl	7
Abdullateef22	17
Abhi00876	1
Abhi_Shar	1
AbhijeetNaik123	59
Abhinav8095	10
Abhineet93S	2
Abhishek321	8
Abhishek42	25
AbhishekPradhan3e39	3
Abrikos	1
AccessGranted	1
AceSpencer123	2
Achandrakiran	39
AdamLewko	10
AdamPliszka	15
Adam_Larson	12
AdityaBachuwar	7
AdityaBose	32
AdityaZagade1	18
Adrian17	2
AdrianFunar	1
AdrianaZg	1
AdunSam	4
Aegloszenit	1
Afrifafelix	4
Afro12DEI	6
AggarwalRishabh	3
Agiser	15
AgusCoronas	9
Agyaat	1
Ahmad1991	3
AhmadKhormi	1
Ahmed-Emad	2
Ahmed2022	2
AhmedSarhan2016	4
AhmedSulaiman	11
Aika1	8
Ajafar	2
Ajana	1
Ajay20	3
Ajeethkumar002	1
AjitCB	35
AkashKumar18	11
AkashPandya	12
AkashdeepDeb	53
Akashkhandal	1
Akhil1995	8
Akot	36
Akshay5843	3
AkshayGharge	2
AkshayHiremath	36
AkshayThorat	7
AkshayVetal	10
Al-Hassany	2
AlCasadei	31
AlbaBoga	2
Alberto00	3
Albinantony20	13
Alejandro1994	5
Alejo99	1
AlexBoryskin	20
AlexJ92	14
AlexKrivobok	4
AlexLopezCano	8
Alex_1230	15
Alex_Cross	5
Alex_lv	6
AlexanderFrenkel	13
AlexanderKuzmin92	2
AlexandrRomshyn	15
Alexfer	2
Alfars1960	21
Ali3bbas	8
Almamydavid	2
Almaridge7	2
Almudather	25
Alomelle	2
AlvaroCamacho	9
AlvaroTJ	17
Alvids	7
Alvin38	3
AlyonaKhashheva	8
AmanAgarwal03	14
AmanChauhan	3
Amaraaryan	11
AmbujMishra	5
AmehtHamilton	1
AmeyMajlekar	2
Amice13	2
Amirdxb	3
AmitModak	7
AmolBorgaonkar	1
AmrithaPrasad	18
Amrjit	12
An3aari	2
AnFgar	3
Ana05	2
Ana_Carvalho	14
Anand2809	1
AnantDiwakar	40
Ananthavignesh	7
Anas1991	8
Anastasia2	4
Anca_Emanuel	2
Andienicole	14
Andjey	23
Andrade71	1
AndreBurger	1
Andrei15	21
AndrejM	4
AndresCalderon	4
AndresRondon	2
Andrewlak	7
Andy63	4
Angasi	59
AngelaGrigore	2
AngelicaRin	1
AniruddhSK	35
AniruddhShah	1
AnisKhan99	5
AnishHolla	16
Anjanakothari	10
AnkitMJoshi	3
AnkitSrivastava24	6
AnkitaChaudhary	4
AnnieMghl	4
AnshulAggarwal	6
AntonVS	5
AntonioEscano	2
AntonioLima	25
AnuJosephR	14
Anvesh28	1
Anwesh05	8
AparnaR	11
Araceli2006	1
AravindKA	4
Arcane1	1
ArghajitGuha	2
AristeaBasiakoura	8
ArivazhaganGB	4
Arizart	4
ArjavAmur	35
ArjunDomudala	13
ArnabBarua	3
ArnabM	6
ArnaudDeFrance	4
ArpitSrv	24
Arshan99	5
Artem1988	41
ArthurBoivin	2
Arun823	17
ArunKrishnanU	14
ArunParthiban	3
ArunTaxak	3
Asabeneh	2
Ashbti	3
Ashin101	5
Ashish1976	1
Ashish_Patel	4
Ashjatoi	7
AshokYadav	7
AshwinSingh95	10
AsmaaAdel	4
AstroLady	1
Atheer	2
Athina	1
Atiah	2
AtulApt	17
Atuls99	9
AudreyLi	16
AuryMartinez	104
AutodidactAddict	11
Autorobot	18
Avinash_Jayaraman	5
AvineetSingh	3
AvishShah	5
AwesomeRahul	11
Axonymous	23
Ayob	1
Ayush2195	12
Ayushchawla09	1
Azizotaru	38
AzureAoki	19
BAEtienne	7
BB403	4
BHAIRAVREDDY	16
BIS001	38
BLACKHEAD	2
BLang01	9
BODDURUANIL	1
BRAHMANANDA	1
BRIJMOHANSINGH	45
BS-007	5
BabisGeorgakainas	6
BablooTomPhilip	21
Babyakja	5
Baldrick5183	12
BarackHussein	2
Barbarafarache	2
Barrytsai	4
Bartschman	1
BasantAggarwal	22
BatOutOfHell	23
Bejca	1
Belina2	12
Belize1995	7
BenAllen	7
Ben_007	8
BenardOchieng	1
BernardSwart	26
Bernardo82	4
Bettencourt	4
BettsyB	15
BevP	25
Bfarlette	5
Bgreen	3
BharathDevaraj	4
Bhargav8	10
BhargavGamit	2
Bhavesh_Goswami	7
Bhushan_Chavan	6
Bichir	3
Bigross123	3
BikashSahu	3
BilalAkhtar	14
BitteEinBit	21
Bittuverma	3
Bjfoley1313	8
BleronMiski	3
Blessymsuresh	1
BlooWhale	3
Bludgeoner	20
BobBrewster	6
BogdanPalfi	1
Bogoss	10
Borisam	12
BrAvoCado	17
BradCook	2
Brahmanandhan	4
BrandonCannan	10
Brandon_Easton	2
BrankoD	11
Brej7665	19
Bri_S	5
BrianB1965	2
Brianmagicr	1
Brianxball	6
Brighthamza	7
BrijeshT	26
BroderickTurner	3
BruceEpper	10
Brunak	1
Bruno_R	4
Bswartz	6
Buriro	1
Bushah	10
CDiazB	29
CHAMDAWALA	6
CMadsen	9
CalebJosue	2
CamiloValbuena	1
CapizziC	2
CapoJ	23
Caprylic6	7
CarlosMancillaGuerra	1
Carlos_Z	2
Carlosbarr	17
CarmeBel	8
CarolinaMA	16
CatiaJorge	1
CelioO	41
CesarBenjumea	3
ChampUmang	4
Chandan2600	1
Chandra1960	51
Chanqia	1
CharlesRathbone	2
CharlesRoberts	10
CherryKearton	17
CherylGenevieve	37
ChetanDalvi	22
Chicho432	32
Chimankpam	79
ChimmulaKishoreReddy	1
ChinSaran	3
Chinmoybanerjee	4
Choudhari	8
ChrisGosselin	25
ChristianHerreraM	19
ChristianNorgaard	9
ChristianRam	9
ChristianSM	14
Christoporus	17
Chuck_Olsavsky	2
Chuckwolfe	27
ChunaRam	2
Churringo	13
Ciprian05	7
ClintonSites	2
Codelogic	2
CometsTech	8
CoolCat	7
CosmicTobacco	8
Courselover	52
Crazybuddy	20
CrckrHckr	7
CristianGGP	16
CsikosG	5
CsmcRvrs	38
CsuriZs	1
Curious_Vrp	11
CyYuri	2
D3fa1t	4
DANIELARUN	53
DANIMANDAR	8
DARSHIKAKGADHAWE	1
DBSINGH	1
DEEPESHBAGHEL	22
DGUERRERO33	47
DGomez-Sanchez	55
DK091	1
DK2507	4
DK_IITG	14
DStuber	10
Dali7	2
Damirtaha	4
Damix	2
DanDan12	13
DanGenB	4
DaneFyn	39
DaniAbt	27
DaniVill	10
DanielAlvarado	4
DanielLuftspring	17
DanielRR	47
DanielSanGar	2
DanielTB	9
Daniel_Dellaro	55
DankeBitteJim	2
DarekB	2
Daria_2012	10
DarrellWaldron	4
DarshitNimavat	5
DashaBerkovskaya	2
DaveNedd	10
DaveWillbert	17
Davevashon	13
Daviayan	1
David-Collins	11
DavidKandi	10
DavidYanni	9
David_Jr	1
Davidbeme	2
Davidlc	24
Dbremont	2
DeanLovette	12
Deathjester	3
Dee96	3
Dee_Leggett	8
Deepak1994	10
Deepak302	7
DeepakJoya	3
Deepanshu2017	5
DeepikaH	14
Defiant	18
Dejancic	3
Dejaxy	2
Delt	26
Delta1994	79
DenisaRucaj	10
DerekChu	1
Desiring2learn	62
Devagya	35
DeveshD	26
Dflash_101	11
Dharmendra_Kumar	4
DhavanTrivedi	12
Dhikra	5
Dhruvbakshi	3
DianaNabte	10
DianaOfelia	7
DianneMar	4
Diaz7	3
Dib	2
Dicto	1
DiegoST	2
Digraj	25
Dinlink	16
DirkVanhoof	23
DirkdeBoer	1
Divahar	92
DivyaJyotiSinha	7
DivyanshuSharma	4
Djakaridja	9
Djatmiko	3
Dobbiel	13
Doha_Ali	3
DomSykes	206
DonWan	3
DorienV	9
Dorirdm	49
Dphulara	3
DrBill	32
DragonScholar	3
DropOf1Ocean	1
Duallan	1
DuckQuickly	16
Dumebisele	7
DundiVinayak	7
DunkelWolf	3
DurgeshChaurasia	6
Dutchpi	9
EAMorgan89	3
EANT007	4
EByrne	13
EDa7x	1
ELENAFIGUEIRA	5
ELTAYEB1	1
EchizenRyomine	7
Ed314	7
EdMiya	8
Eddie75	4
EdgarM007	7
Edxcourse18	5
EeshwaraSai	1
Eigenvalue	3
Eklavya02	28
Ekriktikos_Fysikos	5
Elaref	1
ElektraSkouri	3
EliezerBen	12
Elly111	22
ElrickBerik	11
Elrien	15
Eltaib	15
Emily54	6
Emrul_Hasan	1
EndaO	5
Eng__Muslim	3
Engineer	51
EngineerNeelesh	4
Equbay	2
EquityAnalyst	1
EricR123	27
EricYoung	3
ErikBerg	56
EsBakry	4
Esfialta	11
EsraaGamal1	3
EstebanLopezA	3
Euphrates	1
EvaPaskova	2
EvelioSJ	2
Ezekielola	1
FJGP	3
Fabius_9001	5
Fagounda	3
Fahdi1996	12
Faizul	15
FakeMoth	9
Faraaz28	7
Farazhasan	7
Fardim	1
Fatih47	3
FatimaSantosGarcia	40
Felix_Vladimir	1
Fenerli	14
FernandoCM	5
FernandoDelgado	1
FernandoRF19	17
FlavioSilva29	8
Fontolan	130
FranciscoRiccio	27
Franciscocalle	47
Franck1496	5
FranckPB	59
Franklyfrank	13
FredWatson	2
FreddyRagy	5
Fredzz	5
Frencell	2
Friedrick	16
Funtik	1
Fusion360	1
GADDAMEEDI	4
GANESHARAM	17
GHUFRAN06	5
GIORGIOA	1
GIRISH10	11
GKourtellas	9
GOKULFANTASTIC	1
GPNB	2
GPetkova	1
GUNJAN037	24
Gabriel1981	4
GabrielMak	3
GagandeepArora	18
Galerandir	24
GaloEnergy	7
Ganashu	102
Ganesh94	3
Garaigorta	1
Gary_Oak	3
GastonSanRoman	4
GauravT07	1
Gauravrmp	1
Gautam1234	14
Gauthamraju	27
Gaz5	10
Gbensky	2
GediminasNarbutas	7
GencoA	1
GennieWang	1
Genrru	35
GeorgeLoud	1
GeorgePapathanasiou	3
Gera_vvg	6
Gereltsetseg01	22
Gerron	5
Gilb007	1
GiovanniDB	9
Gippy	2
GirishGandhi	3
GiulianoDeledda	3
Giusva	3
Gleason	8
Gnomik	1
Gnsanga	8
Godzil	9
Gohar_Shoukat	15
Gollyrado	3
GolnazNorouzi	12
Goodluckoguzie	2
GouravKalbalia	1
Grace20010615	5
Greegs	1
GregAMast	8
Gsall	4
Gtcho	14
GuidoGuerrini	3
GuilermoS	63
Guilherme10	4
Gunjan0888	20
GuptaSarthak	3
GustavS	3
Gvk1994	17
GyokayA	1
HARDDAVE	21
HERKAH	14
HIMANSHUMEENA	12
HMota	14
H_Litzroth	25
Hades93	1
Haggugator	4
Haktan	5
Halkiona	40
HamadMohammed	2
HammerC	5
Hamza_98	10
Hanaeric	7
HananMustafa	2
Hanboushy	36
Hani12	109
Hardik002	40
HardikNai	25
HarikaYenugu	2
Harout	34
Harris95	3
HarrySJHong	3
Harryin	24
HarshPandya	9
Harshal547	7
HarshitPandeya2ce	2
Harshventure	22
Hdaviswu	2
HectorDubonPerez	13
HectorKS	2
Heegeun	1
Helkar	8
HenryMaddox	3
Herman_Torres	40
HerndonRunner72	8
Hesna	2
HikmatDashdamir	1
Himanshu_Gola	3
Himanshu_Tanwar	1
Hitarth94	2
HoangNguyen	2
HollyFerrie	5
Horror12	1
Hos_Es_Amir	3
HotJava	4
HotPies23	5
HotSun	3
IAMPRIYAM	7
ISLAMUL	6
IT-Manager	2
Iallwayswantedtoknow	25
IanMac	3
Ian__M	20
Iceblood8	10
Igpalser	23
Ikshit21	2
ImRitesh	20
Impen	3
Indarnil	1
Indhuja	2
Indigo1	1
Indrojit	29
Infanta	4
IngeDari	62
Ingu	44
Irfan14	1
IrfanAli201	1
IsaLopez	19
IsaacM007	6
IsabelEspinoza	8
Ishmita	4
IsiRom	15
Itajez	2
Iurie_cojocari	1
Ivan_Reznikov	12
Ivan_Ricardo	34
Izaac10	3
JAKKANSHRINIVAS	3
JAL2000	4
JASPREET16	5
JATIN3	13
JAYMIRM	1
JAYTHANKI	18
JAlves62	17
JDC_NASA	3
JDZA	1
JDomingoP	4
JEETUSHARMA	2
JEarlM	1
JFabII	12
JGV	19
JGarciaSevilla	4
JHorgan	2
JJones08	12
JKHPL	31
JKashyap	11
JMTB	19
JSandor	5
JSpandet	1
JStuart	4
JUNGIVALADHAVAL	5
JXeniumSahaj	7
Jackabc	12
JacquesParis	1
Jacubx	22
Jadabkumarpal	9
Jade504	7
Jagatheeswaran	2
Jairdessilva	29
Jaive	3
JanuszH	4
JasonBaxter	1
Jason_White	6
Jasonbirbal	1
Jasonw25	43
JassonYang	2
JatinMalvania	15
JaviPer	1
Javo2881	11
Jawahar03	7
JayTee3	44
JayZhou113	2
JayaSurya	10
Jayanth95	10
Jbrbly	12
JeanDenis	3
Jean_H	90
Jeanette2014	50
Jeevan_mech11	2
JenCarrasco	5
Jenus	60
JeremyDohmann	59
JesusAlvarez	9
Jfshoemaker	6
JhabrielV	42
JhovSerrano	9
JiHunHwang	4
Jigmee	1
JigneshMRathod	7
JillW3	27
JimA1957	94
JimRosenberg	72
Jim_h	12
JimmyWhite	3
JinBei	13
Jinfei	1
Jitender_7	9
Jjginer	3
Jla75	15
Jlucu	3
JoanaLT	25
JoannaZ	5
JoaoCordova	9
JoaoMendao	26
Jodn	15
JoeGiarrocco	1
JoeHeffernan	19
JoelNg	13
JoeyAmante	4
JoeyConnors	4
JohnEFM	24
JohnMatco	1
JohnPT	12
JohnReedEIT	21
JohnSA	4
Jomerson	15
Jon985	6
JonNieve43	28
Jordandanish	5
JorgeOnil	5
JorviRestrepo54	1
JosLuis	34
JosMano	2
JoseBarbeira	72
JoseSerrato	7
Josearan	1
JosteinSH	12
Joysleen	14
Jsoria87	23
JuanCarlosRubio	3
JuanPRO	35
JuanmaVicente29	1
JuliaJune	12
Juravski	2
Juv	2
KAILASH6633	4
KAILASKARDULE	9
KALLURKAR	1
KARANSHAH200	7
KARANSINGHGOUR	7
KBRao	43
KBranowski	2
KDbhatta	4
KEANUSTEPHENSON	4
KETHALARAVALI	6
KHANDELWAL	9
KIMMINGU	7
KIRAN044	6
KISSFORMISS	6
KLoon	4
KPRis	2
KRGOURAV	23
KRRaju	3
KUNAL60	3
KVH	22
KVIVEKVARMA	49
KVP	4
K_Dolati	19
K_Hussein	8
Kaleria	8
Kallul	5
KalpnaSharma	6
Kamil47	29
Kandi215	5
Kappa619	2
KaranSingh92	12
KareemSaeed	1
KarimElawaad	4
KarlaBeltran	4
KarolFUW	1
Karolus	2
KarthikHS	7
Karthikeya_Pisipati	3
KashJai	6
Kashtira	18
KateHendrick	2
Kathiresh_K	4
KathleenPun	117
Kaythomp	7
Kendu	27
KennethWC	17
KevinTR	24
Kevin_W22	16
KevivHaihtum	1
Khalid1993	28
KhandelwalShubham	2
KhodBon	2
KiritX	13
Km108	21
Kmitterand	100
KofiAkorli	8
KokoF14	9
KomalSadhwani	26
Kong	39
KothariMihir	2
Kreshnik	6
KrisTH	3
Krishna2410	14
KrishnaChaurasia	1
KrishnaO	6
KrunalMandora	27
Krushanu95	2
KshitijAcharya	1
Kshitij_Kumbar	15
KuldeepSoni545	3
Kunal700063	7
KurtW	10
KusamGulati	9
Kushagra12	1
Kushal92	8
KuznetsovIvan	1
LAlberto	1
LBird	14
LEVIN94	2
LUC1ANG0KU	3
LUKZOR	33
LaStO	1
Ladyhawk	11
LalithaPrathima	11
Lanskay	39
LauraHoran	3
Lavier	22
LawrenceSalley	3
Leann007	41
Learner1995	6
Leibovitch	4
Leonardo_Fabio_Sierra0	3
Levimmartins	18
LidianeOliveira	16
LiliKariCabrera	10
LilyBajusz	2
LinODE	16
Lipsy	9
Lizalvites	2
Lokeshborkar	7
Lokeshdeenan	38
Lokeshtaneja	3
Lokeshwarirp	1
LorenzoLucia	3
LostInSpace	34
LouiseL90s	10
LoveRajai	2
Lovlesh	1
LowryManson	19
LswaN	2
Lu_edX	3
LucDa	21
LucasNMachado	1
LucieCZ	5
Lucyestefania	3
Luikigaba	10
LuisANVM	15
LuisAndresMT	38
LuisTea	2
Luis_Alomoto	20
LukeN82	2
Lunelli	23
Lylio	4
Lynxhacker	7
M0Sharma	5
MADHAV1993	1
MAKWANAVM	7
MANIKYALARAO	1
MANOJ7766	6
MANOJSAJEEVNAIR	36
MANUMJOHN	1
MASURKARVIJAY	8
MAYURIPATIL	9
MBatorek	8
MDVADHER	4
MDolgikh	4
MFurqanRashid	1
MG2K	1
MGMarin	7
MIDHUNMURALI	9
MJC5123	1
MKastanek	2
MLDebardeur	2
ML_North_Carolina	2
MNasreldin	4
MODHAVADIYALILA	9
MRANASSRADI	19
MSCaveney	2
MSSr	38
MSolenov	33
MVH	3
MVatan	6
MWB90	126
MaYili	3
Mac-Swell	17
MacDr	4
Macht	2
Mactinux	4
MadhavUpadhye	28
Madjbox	2
Maedhrondan	6
MaheshkumarKL	2
Mahmoud2017	29
MahmoudAuf	6
Maindak	2
Maitamei	4
MajaJug	2
Mak_att	3
MakeCents	1
MaksBaks	21
Malaram	16
MamathaBV	11
Mandarghodke	4
Manikanta76vce	25
Manisha_Pandey	5
ManojKandala	4
ManojPothuraju	4
ManuOPri	1
Manuel_Diaz	32
Manzoor340	3
MarPiatkowki	1
MarcBryan	1
MarcSednaoui	5
MarceMendez	4
Marcel-Bariou	20
MarcinZwolski	21
Marco_H	17
Maria_P	11
Marianne	11
Maries	6
Mario65	1
Marioberrio	2
Marioncloud	5
Marius53	6
Mariya8	1
MarkBlissett	33
MarlonFerri	8
MartaStelmaszczuk	6
MaryamAkbari	17
MasoodKhattak	2
Mastema823	11
MateusSouza	8
Matija_P	9
Matszach	4
MattSAfrica	2
Matt_Carey	7
Maty93	31
Mauette	6
Mawson	81
Max21	8
Maxho64	4
Mayhemoid	1
MayurDivate	3
MayureshDamle	121
MazenSaeed	30
Mconnelly	4
MdSa	9
Mdefrese	13
MeSudeep10	31
MeZah	11
Medar	3
MedhaPatnaik	4
MeetPatel	19
Megabyte1	7
MehrozKhan	21
Mehtaam	10
Mendeleev	1
Merphe	3
MichaelNeilThomas	13
MichalczykMa	10
Michelle_A	6
Migesem	112
MiguelAlvarado	3
Mike7	11
MikeCRB	4
MikeHuang822	6
MikeVC	8
Mike_Fralick	7
Mike_R	8
MikhailBotvinnik	7
MikyG	1
Milind_Atrey	3
MingJianTee	1
Mira	7
MishraNavneet	8
MisterK	4
MistroJokar	1
MitraJD	1
MlleM	1
MoYousef	17
MohAmir	6
MohabAtef	9
Mohamed_Abdelghaffar	3
Mohankumar6	21
MohitMalik	4
MohitPanweird	1
MoizMansur	2
Morakinyo	14
Moslemuddin	6
MostafaDehliz	2
MostafaN	6
MouradMada	31
MrNDRJ	28
MrVamp	3
Mrinalgouda	3
Mrityunjaya	22
MrsFerguson	5
Muazu1	41
Muhamad_Alaa	2
MuhammadFahad92	1
MuhammadM	27
MuniPrabaharan	1
Murdock13	31
Murron	3
Murthan	1
MustafaARA	1
MuturiJeff	8
Mvarzu	5
MyeongSukKang	6
Myles0603	7
MynaD	20
Myvideo	14
MywishAnand	28
NANDHINI_K	43
NARASIMHAREDDYM	7
NBentley	2
NGagyi	22
NHK	5
NHabiba	2
NIKHILKADAM	8
NIKHILTAKAWALE	19
NISHANT_SHRESHTH	7
NITINSETHI	2
NMehmeti	17
NSPR	15
NabeelKo	5
NabinDesar	6
NadineThompson	17
NagendraLal	3
Nageshabv	1
Naimad25	2
NainaUmesh	3
Naitzehou	4
NanClegg	11
NandP	24
NapatS	13
Narendra-Annam	10
NarendraPande	40
NataliaVasileva	2
NaumanMubarak	16
Naveen6	10
Naveenkrishna	5
Navvaro	2
Neerup	4
NehaAggarwal27	3
Nelsonca	8
New_gk	3
Nicabus	3
Nicholas_Kumia	2
NickMaurer	2
Nickinfinity	2
NicoMartinez	1
NicoMasi	14
NidhiNMenon	13
Nigashi	5
NigelV	1
NihalSh	74
Niikita	2
Nikhil0204	2
NikhilH	1
NikhilMankar	1
NikkiChang	12
NikoleUp	5
NilanjanChakraborty123	65
NilayPatel	1
Nilayarora01	2
Nirmal97	6
NishankS	49
Nishankkukreja	11
Nishant1995	11
NitKop	19
Nityan	1
Nizam	6
Noamyoungerm	5
NoelDaniel	6
Noodleboy	3
Nor9432	41
Norah12	6
NorbertSz	6
NormaPettengill	2
NovemberShae	14
Nuranummi4lyf	23
Nurjahan	29
ORIalb	17
OcranBillions	1
OderoErick	1
Ogions	10
Oirdighi	5
Okornoe	3
OldMan66	1
OlgaNB	13
Olu007	36
Omarshareef	7
OnkarADhumal	4
OnkelDom	5
Opmb368	30
Orono	15
OscarElnecave	9
OscarGD	3
OscarIRL	19
OscarY	11
Oscarojirro	3
OswaldoMedina	2
PANDIT007	3
PATRo1	4
PAVANTEJAY	2
PAfriyie	5
PDPANCHAL	1
PDP_33	4
PDhingra	4
PHLMenezes	7
PRAKASHAN	10
PRAKASH_PRAJAPATI	6
PRATHAM2600	5
PRATISHPRABHUDESAI	106
PRATY00SH	9
PUDARIRAKESH	45
Pa3ckk	2
Paablo	12
Pablo_	1
PadmaMythili	4
PadmakarD	5
Panchi	17
Pancho0	1
PanosKer	2
ParmarAshish	20
ParthaM	4
PatMer	72
PatelPrince	5
PathanShahidKhan	40
Patlouis	11
PatrickFu	26
PatrikJL	3
PaulsonTayo	12
PaulyOttawa	4
PavGill	2
Pawel_K2	18
PedroMx	8
PedroRoman	1
PengJiang	6
PeterInDerKumme	4
PeterMichalski	4
PeterMorcos	8
PhilMen	28
Philop98	8
PieterZ	2
Pilik	1
Piotr2014	18
Piyush007f	1
PlasticSaint	9
PoggiaGuido	3
Pradeep06	7
PradeepKumarN	3
PradeepSudhakaran	2
Praghalathan	7
Prakashkumarmohapatra	3
PramodUbarhande	7
Pranav003X	2
PranavVA	1
Pranavathiyani	2
PranjalManchanda	48
PranjalWarambhe	1
Prarthanan	7
PrashantBhujbal	8
PrashantGupta10	6
Prashil	34
Prateekj05	7
Pratikshajawale	2
PraveenJoeyRebello	18
Primi	3
PrinceAbhimanyu	4
PriscillaLlorenz	8
Priya1012	14
PriyaRathna	11
PriyalAggarwal	12
Priyanka112	6
PriyeshVK	3
ProsperDado	2
PrzemekS	3
Pulkitnsit	2
Pulkitpopli	4
Puneet88	4
PurvaThakre	13
Pushkar007	1
PushparajBobade	1
QL	29
Quansah	2
QuantumLoverME	17
Quantumkid	1
RAGHAVSS	5
RAHUL2993	1
RAISAHEB	13
RAJ730	8
RANABHAT	7
RAReed0219	5
RASHID1193	1
RAZA14	5
RBartram	2
RBlack325	4
RDSarna	1
REDDY9	5
RHC	1
RIZWANULLAH	21
RJ31337	6
RJAmaterasu	17
RJPMRAJA	3
RJoaquin	2
RMWaggoner	2
ROHITKATAKE	6
ROHITTAPKIR	11
ROSS1360	4
RRementilla	17
Rachitnew	9
Racorrea	12
RafaCR	2
RafaelRibeiroDourado	4
RagaDaa	55
RahulChawla1	1
Rahulsony77	12
RainaTandon	1
RajaiLove1993	2
Rajat2692	13
RajatVerma	2
Rajatnaveen	5
Rajdeep491	14
RajkumarB	13
Raju8834	4
Ralf2	8
RamachandraKodi	10
RamiroVictoria	20
Ramon_Lunus	2
RandallOsborn	3
Randy432	8
Ranjithmanoharan	6
Rankorak	3
Rashitov_Azat	2
RashmiJK	1
Raule	14
Ravi1976	9
Ravin96	1
Raviraj_RK	8
RayHeberer	34
Razeggi	12
Rdejeu	3
Realzaek	6
RedOrm	2
ReggieB	7
Rembrandt	27
RevathiVadde	2
Reynaldo_Melara	2
RicardoLaraO	42
RicardoOsorio17	6
Rich3H	25
RichardZhai	1
RickDane	3
RickSol	3
RijulM	37
Rimamaz	4
Rinitha	4
RishabhOjha	2
Rishidark	10
RiturajP	12
RoDoe	12
RobTrek	12
RobertDumont	10
RobertSparks81	1
Roberth_Mayor	1
Robew	6
RobiBs	4
RobinBe	11
Robinvip	4
RodrigoMR	13
Rohaan	8
Rohit01071994	4
Rohit05	2
Rohit1123	12
Rohitchampion	4
Rokudaime	5
RommelQ	3
RonHohls	52
RonaldKCChow	13
Roopak1994	31
RoshanTandel	17
Rubisson	21
Rui_Marques	15
Rupeshbabu	16
Rushabh_Mehta	11
Rushikeshk	1
Rutely	2
RuthyA	13
SAHILJOS	9
SAINATH00737	2
SAJEER36	2
SAMUEL93	4
SANKETMUNOT	33
SATEESH	6
SAURABH001	8
SAYANDEEPSOM	1
SAdamFletcher	2
SC69	2
SC_Lau	8
SChrysanthou	21
SDZ2013	5
SEBAS3000	5
SHARMENDRA	19
SHIFUJAIN	4
SHIVASAI007	6
SHIVU1993	2
SIraB	10
SLaze	2
SMendes	2
SOLANKIRAMBHAI	12
SOMNATHDUTTA56	6
SP0815	4
SRDAS	13
SRINATHN	2
SRV701	2
STAFFY1GAS	21
SUFFA	1
SUHAS89	1
SUNITHA92	7
SURAJVISHWAKARMA	12
SWATI13tayal	6
SWETAYADAV	5
Saadh	11
SachinChauhan1	13
Sachin_Dwivedi	2
Sachinydv	4
SadeeqIG	3
Sagarumalkar	8
Sahdev	12
SaiPrithvi55	5
Saiprasad2595	4
Sairamkrishna	5
Sajal	10
Sajidraza	3
Sakshiagarwal18	1
SakuraBaby	11
SalahNassar	39
SallydH	3
SaloniBhurke	6
SalvaJayaseel	45
SalvadorSala	1
Sam4321	2
SamNicholls	29
Sandeep2012	24
SangameshNDachampalli	8
SanketK2	3
SantiagoEduardoSilva	1
SantosH777	81
Santst	2
Sappal	24
Sara4sy	8
SaranyaRangaswamy	1
SassyProdigy	7
Sat3	40
SatishGautam	1
SauliusU	13
SaurabhBajaj1	2
SauravRoy007	4
SavtaJoyce	10
SayanDey007	5
Schneeregen	3
Scot42	24
ScottAndrews	2
ScottChen	4
SeanAkana	1
Seanrave	4
Segaran	19
Sekani1900	38
Serez	48
SergiBaf	3
SergioMares	6
Sergiy_Y	1
Shahabijan	3
Shahroz1995	23
Shalinipriya	2
ShashankVaidya	4
Shashank_Rajak	1
Shashanka85	25
ShePa	4
Sheenoda	1
SheikhSajid	6
SheilaGonzlez	5
Shepski	3
SheriffJalloh	7
ShinobiYee	4
Shivamjgandhi	11
ShivangiT	8
Shneha	4
Shravan_poloju	5
Shreeansh	3
Shreya2694	9
ShreyashPatel	25
Shrink_u	4
ShrutiPatel	12
Shubham161993	2
Shubham421	33
Shubham7	3
Shubham827	4
ShubhamAtom	2
ShubhamBhavsar	3
ShubhamBirajdar	15
ShubhamYewalekar	2
Shubhamk	5
Shubhrez	3
Shumei_1	5
Shyshawn	14
Siana_789	16
Sibls	1
Siddhart_92	8
Siddhu66	21
SigThrottle	2
SilentMan	5
Silent_Strider	2
SimonTween	8
SindyT	9
Singhasong93	1
Sir_Sparky	1
Sirri1991	7
Sivasankarraja	1
Siwaler	43
SkirmanteM	8
Skk1029	18
Skud	22
Slackjawls	5
Slava666	1
SmactionSIA	29
SmithP2	6
Smithforsam	1
Snsvsn	2
Solisar	2
Somachukwu	6
SomasishB	4
Somasundar93	6
Somesh101	5
Somnath10	15
SomnathMaharana	12
SomyaDashora	12
SoorajMenon	2
SoppyMar	5
SorenWelling	2
Sourav16	1
SovtekKT66	1
Spirit927	1
Sportininkas	6
Sriharshamvs	2
SrikarKashyap	10
Sriram_Gopalakrishnan	3
StaceyH413	8
StacyStudent	3
StefanovaMilena	2
StephanSchulte	30
Steve558	1
Stormspace	2
StrategicThinker	81
Student314	20
StudentTee	2
Subhadrakala	5
SubhakarSouri	3
SubhanKhan	6
Sudds	5
Sudhamoy199	3
Sudip04	1
Suhanth0806	18
Sujanach	1
SujitPatel	50
SulemanMir	21
SumitJoshi	10
SumitSh	8
Sumukhajois	7
SunflowerSal	9
Sunnyjain91	14
Sup3rB4d	4
SuperCourgette	3
Surabhi12	23
SurabhiBhushan	8
SurajLasdpl	94
Surajasdpl	65
Surej125	13
SushantM	27
SushantVyas	6
SuyashMehrotra	7
SuzanneHW	19
SwaminathanRamasubramanian	48
Swetha30	8
TARARHIREN6155	9
TDWhite	1
TITOLEONCIO	9
TJ34	5
TLagro	5
TONNY595	7
TUSHARTAWARE	3
TabasumParween	5
Tacfit	1
TahaSiddiki	13
Taison221	1
TalasekT	1
TandooriChickenPizza	21
Tangerine_Dream	2
TanyM	2
TapiaMel	11
TarekAbuzahra	9
TarunaV	5
Tatdonatus	1
Tavortiz	23
Tcheforiva	23
Teator	1
Ted20140715	1
Tejpalsingh	2
TerenceRchomes	3
Terencio	4
Tewodros80	7
ThanhNguyenPhamHuy1988	7
Tharunkumar1219	7
TheBigHH	2
TheEponymousBob	1
TheFrankster	1
TheIlluminati	19
ThePirate12	9
TheZedPlumber	1
ThierrySOMAKPO	16
TiagoBC	1
TiagoVitali	43
Tibor89	8
Timot	5
Tinelli	4
TinkerJim	19
Tirth97	4
Titanaku	4
TitoSouvik	2
Titocapotito	7
TjSmat	13
Tjip	3
Tobe_	78
Tojic	11
TokaEslam	1
TolstoyResurrection	1
Tom5406	3
TomFlaherty	17
TomPal	8
TomSt20	9
Tomhsl	5
TommyVega	15
TonyTheSyrian	9
Tori2432	2
Torisaru	3
TotalEklipse	1
Travis_Rose	17
TreyM	9
Trikalaforever	6
Tropicana	27
Tsanev	5
Tudorel	3
Tunsco2010	33
Twitu	12
Tyham	2
Tzous	16
UF6	4
USagar	1
UTROSE56	19
UaiseleEpenisa	13
Udit14	8
Uhtredshield	5
Unhochang	1
Upasna89Ghansiyal	7
Upendra84	1
VAISHUSRINI	3
VASIYANIKHODIDAS	1
V_P	8
Vaibhav747	13
Valentinos	19
Valeria_V	3
ValerieWang	10
ValeryBlb	6
VanPiel	9
Varun9879	5
VarunMehrishi	20
Velenir	2
VenkatPandranki	10
Venkatachalam74	16
VeritoMM	2
Vero0409	63
Vhitney	2
Victor_Cousin	2
VideshR	24
Viggs94	4
Vignesh05	1
VigneshMohan	47
Vikas1967	6
VikasAbhyankar	20
VikasPal	8
Vikas_	10
Vikas_shri	3
Vikasagarwal	12
VikramPratapSingh	3
VikrantVicky	6
VinayLokhande	135
VincentOrtega	6
VincentZ	25
Vineet42	9
Vinod94	26
Violet1603	8
Vishal1984	2
Vishnu1995	3
VishrutD	11
Vita18	5
Vivekparekh812	1
VsevolodK	11
Vumar	2
WAFW	5
Wagle007	1
Wai_Shing	7
Walaa1989	11
Wandhi	7
WangRan1992	13
Wangrudy	12
Wantulak	7
WaqasArif	11
Wardenclyff	5
WendyWen000	2
WhartonChan	2
Whirrsmith	2
WildW1ill	3
Winder	30
WisnuPro	15
Wolde	1
WyattReppe	6
X_Ray	1
XaviHaz	37
XaviersDuong	10
Xentagia	10
XieQiaolin	2
Xkool	1
YADAVSURYAKANT	10
YASERMZ	9
YASuzuki	2
YERAPERU	6
YKJ1	1
YairCardona	2
Yangt_Jhon	9
YasaswiReddy	8
Yashitm	10
YeHa	57
YeahBuddy	3
Yogesh077	38
Yogesh_Purohit	16
Youngtux	15
Yoyo89	5
Ysialis12	5
Ysumanth	36
YuSoon	2
YuriSnitko	18
Yuripereira	3
Yusufkata	2
YvonneKriek	16
ZMarrs	6
ZacharyGuiuan	19
Zarrok13	1
ZatoIchi	3
ZedTak	4
ZenMan	3
ZephyrAzure	2
ZohanGarg	1
Zorbastian	14
Zozie	22
ZxAtari	15
Zyzaze	7
a1snicker	3
aadsamira	19
aaeemma	10
aakash321	1
aakashlr	17
aakritiii	2
aayeshtari	29
abarea10	14
abban30	3
abdifatah1	2
abdofargly	1
abdularbaaz	2
abduranjum	15
abenzouba	6
abhi2292	1
abhi24singh	6
abhi8793	2
abhiISM28	37
abhijeetsinghazad	6
abhilash76	8
abhinav_kuksal	18
abhishekramachandran	46
abnas	8
abomostafa	41
acamalvarez	23
accommo	7
achraf	10
adamjmitchell	2
adammiller3	1
adityaannam	1
adityaborkar	11
adityadev44	2
adityapoky	13
adlepotato51	1
aengels	1
afalonso	8
afp	9
afzaaluddin	4
agaring	1
aggayush	2
agremon	18
ahishb	3
ahmadsohani	2
ahmedessa	7
ahmedh	7
ahmedmaher173	23
ahmedsadek22	5
aht_007	19
aimclasses	10
airtonmedina	13
ajay1995	73
ajaykumar2031	4
ajitkasana	6
akanksha_sri	10
akash1	35
akashagarwal	17
akashdeep2708	3
akashnitpatna	51
akhilsirimalla	3
aki02	9
akjlucky4all	2
akshay4444	4
akshayme0905	43
akshit05	12
akshit_malik	11
akshsarkar	3
akumar2527	3
alachape68	27
alagba_seyi	15
alanz2223	4
alchy	1
aldogg18	1
alecato	3
alegic	4
alejo851402	7
alekx	10
alex1992iu	2
alex_0	5
alexmor1974	10
alfa33333	3
alherm	30
ali_avansar	22
alibabas	42
alnd	2
alphanov	2
alvescosta	17
amannur90	1
amansrvstv	13
amanyahoo	8
amar8426	12
ambarzaidi10	7
amdgpr	2
ameetnagpal	3
amit_dhar	5
amit_govilkar	3
amitbh	1
amitnigam06	9
amod_34	34
amolkumbhar	2
amosman5	7
amrendrarathore	4
amulyaanand2	7
amyu647	1
ana_ramos	13
anandjayaram	2
anant348	9
anasLearn	11
anderslnd	1
andreoakes	1
andreschacon99	31
andriforever	17
andtinsley	1
anelson32	7
anfrajo	5
angel_a_k	4
angela1309	21
angelf	35
anhmel	5
ani1996	7
ani_das	1
anika021	1
anil6728	2
anirock	3
anjali_chopra	4
anjan2014	4
anjaneya1993	9
anjojohn	1
ankit190	6
ankitfanasiya	22
ankitv04	15
ankur004	3
ankur420	4
ankushaim	1
anmoluppal	3
annahaas	60
anonymous99	1
anshulayushya	26
anthonyfv	6
anthonyrbc89	6
anthonysolano	1
antimak	1
antoineinsaplastic	9
antonyjohn23	19
anuj_mishra	4
anusha_dasari	11
aoatallah	11
aozoz	3
apljac	6
aramburu84	5
ardit023	3
ardupuis	6
arjitmourya	1
arjun1996	7
arnavakhoury	1
arpan007	15
arsenis	14
arunabhabhaumik	2
arunbelede	14
arunkrishnanab	4
arunz023	2
arushss	32
arvi182	5
arvindcpp	17
aryanbatra	6
asemakel	4
aserangelli	1
asharris	14
ashharhasnain	17
ashish3107	2
ashish456anand	14
ashish579	1
ashish_rnd	2
ashisharma	1
ashishkrp	34
ashu1234567	4
ashutosh00	9
ashutosh1993	1
ashutosh774	4
ashwin_n	32
asiplas	1
asir008	34
askharsh	10
astrostardust	3
asub927	2
asutoshrana97	3
athersuleman	1
atinzad	9
atom62	1
atomicplanet2112	8
atulmittal	1
autumnalfog	35
avijitc94	34
avin8472	4
avinash12	5
avinashkumarcse	2
awanishtiwari	5
ayernitin	2
aynban	10
ayush45	3
ayushamishra	4
ayushs08912	17
aziziilyas	2
b1eedr	8
baconator	2
baenaalonso	2
bajrangbali	9
balaaparna	4
ballusingh	1
bappiagyei	11
baraahadri	2
barisonur	13
bash90	2
bbk66	8
bbsusheelkumar	2
bc006	5
bderoubaix44	3
beatronom	5
beebs90069	1
begins09	66
belos	7
bendem	2
benjani86	1
bensouthern	37
bestgupta	8
bhagatkaka	17
bhansen	7
bharathgadu	9
bharathrguru	27
bhargavram95	2
bhuvenkatesan	2
bijay_edx	7
billwatt	47
binbots	1
birundha	47
bishnuanalytics	2
bishop22	11
bithal_1995	1
bkayani	5
bkpekur12	5
bladim	40
blakeney	5
blepek	50
bluefin	10
bmarkham	7
bobzxr	4
boctng	8
bogdanp93	5
bolarinwa	6
bongarcon	4
boonkz	8
boyie1	1
brainysol	9
bramy132	12
brunopo	12
bsharvard	52
bsutar	6
buppyg	2
bvoorhees13	1
cabigascriselo	22
calafutc	12
calbinger	1
camster	55
capnhud	5
carlosbislip	42
carnevalo	49
casuaga	9
catalinanavarrete	18
cclaunch	3
cdated	1
cddurbin	44
ceaser	5
cecette	21
cedroh	5
cefitterer	4
cesar25	4
cfsimmons	10
chaitanyakantipudi	5
chandan93	9
chandramaanshahi	26
channel22	6
charusharma1991	2
chaudhary_kiran	13
chazgui	10
cheasfridge	4
cheesehoof	6
chennai36	5
chgraham	33
chigullapallybharath	13
chinmay389	17
chiragmpatel	3
chirantargupta	2
chrislopez28	23
chrismj2014	11
christheba	3
christinak90	1
chunaramdhatarwal	21
ciddikies	3
ck_22	2
ckjnsec	2
cl10Greg	1
claudio170394	27
clbian	8
clwchang	3
cman1348	20
cmbob	10
cmknisely	6
cmmishra4218	6
cmz63	4
coder99	7
coderark	5
codice	9
collin22000	3
coloslab	2
coolguymohit	4
corycruse	3
courageousavinash	2
cpeckrun	2
cricricombowino	2
cristianfim	5
cristianoA	2
cs1996	1
csml	30
culafew	1
cyriljohntellis	17
d0c_jones	1
d3f1n3	13
d9e5v499	57
damadorg	2
danc63	23
danielcadwell	1
danieljeswin	25
danielsdab	17
daninjango	18
dannydaniel	10
danvac	1
danydavila	39
daravivek	10
dark_terror	21
darkangel150	30
darkzorb	24
darshakbhuptani	37
dav1n1	1
david_listens	13
davifrigo	2
davisk1125	12
davrush	39
db007	1
dbphatak	2
dbruneto	5
deboerdn2000	5
debrajsaha	44
decobt	1
deebavignesh	4
deeksha794	30
deepak_bohra	3
deepakdaksh	7
deepakdtg	1
deepika15	14
dekadebashish3	1
delacanal	61
delhitpc	2
deshi59	9
desired9	9
det1111	3
dev246	1
devadeka	56
devgadhvi771	7
devpunk	34
dfisk	9
dhirajG	1
dhruv2808	8
dibz86	9
diegotierra	20
dilipsuthar	14
dimasilang	30
dimpu09524	18
dinew	3
divya789	2
divyavprabhu	6
diyprogramer	3
djerem	15
djimbo	3
djrod	2
dkoreas	9
dkromero	1
dksehgal	3
dmapte	44
dmdchicago	11
dobromila	3
doc_cliff	22
docarlson	53
dombro	2
doncross	18
donperro	2
dorinciorescu	4
dpalma	18
draconis	11
drcharlie98	2
drey78	1
dskushan	7
dsuarezm	16
duanhuihui2009	2
duddela	3
duke2949	2
duncan_lord	3
duonghoaian	13
dvbydt	43
dzemalh	8
dzigi	1
e1suryadi	18
earnestt1	9
ebay420	17
ebuka12	14
ec_rahul46	11
edemenar	2
edgardmmerlo	35
edxian	7
egytatu	18
ehtiwesh	27
eisteban	1
ejam	1
ekanshsingh	7
ekuchar	59
electram	2
elena-dc	2
elhamri7	2
elikief	2
elpis2	3
elspaniard	12
elzaim2014	9
email1	6
ememudotte	58
emmebi	2
eng_ahmad_ibrahim	13
eng_ibrahim	48
enlinpan	3
enrichme	1
envirodude	14
enyben	36
erarnab	19
escorciav	2
esp7	2
estheraraujo	14
esuameed	7
evaldaz	1
evandrocardozo	3
evd14i019	7
eviltruth	2
excellentconnections	46
eyalbl	8
fabricio_destro	24
fco3105	2
feamoda	7
fekechi	2
feliscatus	17
fernstatic	29
ffxtydus	8
fiatlux	1
firuzaaibara	5
fligi	3
flora89	7
florian_mrt	15
folicsar	14
foofaraw	7
fosormar	4
fouadfarooq	8
fouadrooney	1
francodipietro	4
frankyd	17
funditor	11
futuresmp	6
gLadenhauf	1
gRcNs	2
gabriel2180	22
gabriel85	3
gabris2003	3
gallegoj	39
ganeshkuttan	10
garethtyldsley	3
garriola	2
gaurav121995	5
gaurav86429	3
gauravKuk	5
gaurav_ogale	2
gauravdhabarde	19
gauravdobhal1989	1
gav87	7
gaylordbooto	5
gbanerjee_7	3
gbnube	2
gbrsmc18	12
geekfc	7
geertlpa168	6
geet_er	6
genxedx	15
georgerigas	12
georges2010	3
georgian2133	2
ghora	5
ghori	3
gianko	10
gkagni	1
glapauri	31
glenndrives	5
gnghg	65
gnielsen	12
godfather9642	3
godierenelc	14
golu1993	2
gonzagarrido	6
gonzalezmarcos	2
goodnewsgeorge	13
gopal19	29
goricboy10	10
gouravzutshi	5
gourclose	8
govindgadhavi11	10
greebenny	7
greendaybabi8	4
grentel	65
grottroll	3
grvicky	18
gshubh	23
gsmahapatro	6
gtarun	8
gtripurari	13
guddu02	5
guille1987	2
guinegreiros	18
gunrewo	2
guplumagar	2
guptagaurav	4
gurparas	41
gurpreet1	10
gurubellivarun	4
guruotta	10
gustavose	11
guycanella	24
gyanroy	3
h1manshu	1
h_tiger07	9
hai25	138
haideralirizvi	11
hakob	6
hamadalduaij	44
hany05	8
hap1o	3
harish_varma	1
harshareddyk2009	2
harshitanand	4
havenvista	3
hbfmec	10
helberrojas	11
helene23186	28
helmercelis	6
henkw	55
henrim	4
herbiex	10
hergarzong	3
hermanpleez	11
hesham_hesham	8
heskey	1
hetamanan	6
hetshah93	3
hgchen	1
hhle	2
hiba007	6
hillsmr	4
hinobi	8
hiren29	29
hkaell	6
hmntkmr	1
hoitytoityshuvo	6
holcombj1	2
hotspurs12	2
hp07	21
hshah18	1
hsn19	7
hugodavid	18
huiwu005	30
hunter1406	10
hvarela	26
hvidhya	12
iDaichi	5
iTakeMyTimeThinking	26
iTeamKevin	15
iVinit	11
iampcs	8
ibinns	2
icpart	1
ignacio1981	12
ignation	11
il136	9
ilariaborrello	6
ilyas87	1
inder2100	8
ingmartinezgj	13
innocentsingh	5
intcop	3
invisible95goyal	4
iprabainjet	11
iramos	13
iriscano27	6
ishika	3
itziklevy	18
iusong	23
ivogiatz	11
ivsil	22
iyengarpavan	14
izaho	8
jabili	12
jackson_pires	16
jackwalterc	11
jacob71	32
jaideepban	4
jaimefromspain	5
jajarvin	17
jalbertogil	23
james0731	16
jamesbond6969	1
jamesgo85	1
jamespohl	2
jamespretlow	3
jamesstickler	1
jampasivaswami	12
janagulo	42
janamp	5
janidu	2
japjeet26	1
jascee	1
jaswanthvarma	72
javedtadavi	16
javmeg2007	1
jaya_momos	1
jayavardhanP	15
jaymr_1	1
jaysree	17
jbaczynska1	1
jbeery	1
jbenson17	6
jcastellscan	2
jcesarpaz	4
jclftn	17
jclt	20
jcortes92	4
jdebaets1	8
jeelli	10
jeemjoel	8
jeff0994	65
jeff_1992	1
jelane	7
jelle23	10
jeremiasgrym	1
jeroenkro	5
jhadeepakkumar	3
jharris424	16
jhonalejandro	16
jhoncastro	1
jitendra12iitg	14
jji	36
jkypand	11
jmbailey2000	1
jnaneshkonakalla	7
jnknowles	13
joaouidf	4
jodpcc	1
joePan	7
joedicastro	6
joelbrami	9
joeyxander	1
johndeb10	13
jolly26193	10
jonathan_a	1
jonycom	1
jonyred	32
jorgeiva24	5
joshianokhi	4
joshuajurado	3
jovanif	2
jphoving	62
jpmermoud	13
jquarato	6
jrh111	1
jrsj	51
juan-chica	3
juan23	11
juanandresrua	2
juancpryor	2
juanlondono6	6
juks	23
juliachu00	37
julianfinance	2
julianperezp	1
justme6168	16
justwannalearn	17
jw3126	14
jymboche	4
kMartin54	8
kafka2014	93
kagadiyarahul	2
kaiagnew	17
kailashkumar	2
kaiser_25	4
kalirode	17
kalpanakannan	4
kamau51	4
kanwarlal	23
kapcho1	5
karolek	2
karthik265325	5
karthikeyanc1994	7
kartikey111	1
kashyapsreedhar	1
katmusare	2
katrut	1
kavinarasan	3
kblacks	3
kdevarajiitm	24
keith0062	2
keldani5	7
kellihuynh	12
kellyv5573	10
kenenei	1
kennyboy2x	16
ketank21	12
kete	59
kevarms	11
kevinkol	11
khandekargauri	1
khbhd	5
khonir	6
khushwantSahay	4
kim101	1
kingmob	6
kinnari7	6
kinshunegi	6
kinteseay	6
kishoresuresh	27
kisu_nik	1
kjao	4
kleamertenika	1
kleet	4
kmgtoorghar	2
komeny	4
komka	3
korbe754	37
koushik_kumar	2
koved	4
kpganesh	33
krajbhan	21
kramulu	5
kranthi91	39
krgluhari	3
krishnapvsb	17
krishnendhu	1
krisreddi46	1
krithikarao	3
krittawat	4
krsant	2
krupao119	14
ksalizhan	5
ksatyanandasarma	39
kshitijshanu	3
kumanan	3
kumar001	1
kumar12220	2
kumarSameer1993	15
kundan_sonu	13
kungmo	21
kush42	1
kushalgupta02	2
kushansingh22	5
kvinodkumar	33
kvishwadeep	1
kylehallett-amarillohighschool	2
kyrpav	33
kzaw	16
laddiej	7
laithsd	2
lakironny	2
laksh	5
lamsaoui	49
lamxiroy	3
latufainu	12
laudany3	4
lawyervarma	2
lemelinm	17
lemesos13579	1
lemiwinks	2
len4ik	4
leocata	17
lewanj	12
lfb1802	8
lickos	1
ligparamim	4
lingees22	2
linuks76	8
lipgot	9
liteshpec	1
llamaphone	1
llminds	1
lmc70	66
lohchab	5
lokesh2801	20
lonpolania	3
lorenpil	2
louieasimov	7
louisez	15
lrpgustavo	6
luchohimself	6
lucky2982	2
ludarkstar99	70
luiggiroal	3
luksdoc	34
lyu01	2
m_asgari	5
maMykola	1
mabague10	1
mackeapa	57
madMilo	11
madi_fouad	10
magava	4
makbarif	47
makchima	1
maksattachmyradov	21
malkit_babbra	20
manalison10	1
mananbhatia1701	9
manaveprathamesh	1
manavsingh333	1
mangalavathidavid123	2
mani314	41
manikanta076	3
manishkamaliya	1
manishkbohra	1
mannu0808	4
mannukhurana	5
manojsinghdalla1	19
manojtnair	7
manpreetdhillon1	5
manu27993	1
manumathew	4
manwarjit	1
mapuckett720	4
marcelo020720PHY	6
marchenkai	30
marcoEsteves	2
marcozelic	21
mardomar	13
mariajesusCT	2
mariocarbonell94	1
mariogonzalezroberto	5
marjan_rozman	14
markov5	35
maroc7	8
marpless	1
marri5317	3
marvinwalfredo	18
marydr	5
maseehuddin	6
matadorshash	10
matejSLO	1
mateo_2	3
mateusmartos	10
mathabela	2
matheus15	3
mathmonde	17
mattfinley	12
mattyman	20
mawahlst	11
max_enderson	14
maxassassinator	1
maxmayank	2
maxou2704	2
mayanksinghal	1
mayankvsharma	3
mayur01	1
mazg	9
mazintajalsir	33
mcgavs	1
mchandra18	80
mchikamc	4
mcslair	7
mdc89	20
meditationhanso	6
melgui_180	41
melinaarrizon	6
melmina	5
melodenise	9
melsaid	4
menja	4
merolave	103
merwanat	1
meshileya	3
messzakaria	2
mestifanos	9
mferreras	56
mgurunathreddy	14
mhoneesh	1
mhrali	21
miaukens	8
michaelrobert1995	2
michlcvi	1
mickysourav	1
mijath	1
mike-mcdonald	4
mikepits25	12
miker10000	39
miker2010	1
milay18	14
milonasko	12
mimilun2006	2
mimulus89	3
mina1221994	7
minalnadar	1
mindi06	2
mirekc	2
mishaa	2
mishu_91558	1
misoa	6
mitajay	14
miteshphalak	12
mithumeenal	3
mixerman77	14
mknight5590	2
mkultra29	5
mlokeshreddy	8
mmhasan91572	2
mmrunmayi	2
mms_07	12
mnwrahmad	13
modedaraparbat	2
moghtadaei_u	36
mohamedkeb	1
mohamedzidan	2
mohannedshehri	16
mohanprakash	1
mohit_agrawal	7
mohnishk	11
momeninia	2
monicabaron	2
montgmry	32
morepj	24
morteza89	2
mostafa	12
mounika5	13
mpmendespt	57
mrBB	19
mradoychovski	8
mrdudut	5
mrmelchi	21
mrshuaib	3
mrthzr	11
mrunalkpatel96	4
mrwb27	56
msatina	4
msbm97	10
mshalash	16
msunique	3
mtheory7	2
muaz93	15
muditbabel	2
muhammedbirony	6
muhanned92	8
mukulpathade	4
munir2149	1
muralidhar	2
muruguganesan7491	3
mustafa2312	43
mvilla06	6
mwisal	1
mx2cancer	28
myendrek	9
mykisaacs	21
myselfkiran	6
n3ster	7
n5vei	1
n_gage	6
nacho110987	22
nadirjan	18
nagarajhi	9
nageen9	1
nagendranath	5
nags	5
nal5047	4
namanjain	1
namendoza	37
nanaefua	20
nanamech	25
nandish82	13
nandkishor2	3
nandy_rl	9
nanigaonkar	2
narayan003	1
narayanbehera	12
natamok	6
navamech	21
navneeth	7
ndingwai	4
neeraj28054u	2
neerajaksha	8
neerajhunk	11
neetika95	1
niaz1961	15
niazannoor	14
nick9632	40
nicklj	18
nidsharma99	8
niharmehta95	3
nikhil_vyas	3
nikhilanand31	26
nikhilbabuk90	17
nikilreddy	5
nikusha	2
nilamkk	4
nilesh1995	8
nileshks	13
nimadalir	3
nimlord	2
nin136	8
nirmalpatel1993	8
nirmalsharma_1992	1
nisargshreyaskar	2
nish124	19
njain643	2
nkhalfan	4
nknaithani	4
nntallis	10
nntbinh	25
notBain	10
novaja06	2
nsm801	3
nuhshah	13
nukaine	11
nurrina2013	10
nvl2014	5
nymtk	10
oabm77	9
ob66	12
obinotech	6
obnlpz	4
ocarbalo	4
oceangirl111	5
okiemute-samuel	2
olivalx	9
omega51	6
omsantosh3	12
omshree	6
onali	2
orlandojosemonteiro	5
osan	1
oscaranibal	5
oscardaniel	4
oshiey	4
oskirules	2
osopinoso	18
ostiaputa386	5
osvaldas	13
oyan	7
pablospf	3
paboowal	3
pacmansilva	21
palacios22c	8
pandyaakash	2
paolo31	1
paragtiwari	36
parbatsinhsolanki	1
parijatsarkar	14
parin1707	2
parmanand1004	7
parmarumang	4
parthbme	28
parvathyharikumar	4
patelmanmeet	12
patmot	8
paulus_91	4
pav_ru	58
pavansuparshva	2
pdgupta26	2
peanutthai	2
pedralm	2
pepe7	8
petito	10
pfe	24
phanikumar104	5
phatosas	4
physicschick	11
pidude	7
pimpo	2
pinau	2
pirtim	16
pisupatimounika	3
pitoaxiu	8
piyush-EC-PRO	1
piyush2021	10
pjhume	3
pliniusdacosta	44
pmertin	9
pmpuan	6
polaski	4
pooja57	18
poojaae	8
postwilliam	2
ppurena	11
prabhakar1493	7
pragz1626	6
pranamsanjay1995	7
pranjal_20	2
pras61	16
prasadHD	2
prasanthwill	6
prashant8334	24
prashant_jaiswal	6
prashanth1234	1
pratas86	9
prateek2k	2
pratikgaikwad	7
pratushshrivastava	58
praveena81	7
praveenk137	22
praveenkumartiwari	41
pregan	10
prem09kumar	4
premkumarprasad	4
premlal	2
princeela	6
priyankabisai	4
priybrat	1
priyesh2603	10
prrer	25
pubsidak	1
pulsharma	13
purupahuja	16
pushpendra1110	15
puttaraju1	5
pvdinesh	2
quantumnjump	5
qwong5	1
qzd57d	21
rDhi	8
raanji	9
rachitmayapareek	5
radami1	24
raghu1153	6
raghuv6	9
raghvendraMATHUR20	2
rah0ma	2
rahulad	3
rahulkumar078	18
rahulraskar14	6
rahulsharma14	4
rainerio	6
rajababugutha	1
rajas22	19
rajasekharraj	1
rajashreeKarande	46
rajatjyoti	20
rajatpandey	4
rajeshgor	4
rajmani94	3
raju83	2
raksshit_jain3	6
raktimbhatt	3
ram4aparna	9
ramanII	10
rambhawan	18
rambo221089	1
ramesbud	14
rameshgera	1
ramkumar805	7
ramky01	9
ranenc	3
rashmikulkarni	2
rasidminong	2
rathishtr	7
ratnesh26	1
raul1981	12
raulbetoret	22
ravikarri	1
ravikiranjana	12
ravin121294	1
ravinaithani2007	6
raviteja27	25
ravithaker	47
ravs911	15
rayachakraborty	17
rdrigoskt	7
rdsobreira	2
redalexis	9
rejoymathews32	7
remouter	1
rengejao	8
revgan	12
rezamz	2
rgko	39
rhammett01	19
rhsaeedy	5
rhtraj	16
ricardocabezas	1
richtk	1
ricki_ricki	23
riky2886	17
rimpi19	3
rishabhaggarwal	2
rishavrai	53
rishi987	4
rishichaluvapathy	32
ritesh11	43
ritu92	8
rjat	3
rjovem	8
rkrade	5
rlowe2415	30
rmfnnn	25
rmikel16	43
roansharma1211	1
robosapiens	1
rockp	2
rodnasr	3
rodrigosilpa	7
rodxpx	16
roesger	2
rohsha	3
rojinmathews	28
rolleypolly	4
romanticpickle	12
rombo84fx	2
romualdGyorgy	1
rosadolfijn	3
rosales6	8
rosemarysp	4
rowvorsah	6
royabhay	5
roycesanto	18
royskin	2
royswkr	1
roythistle	9
rpahuacho	10
ruchika77	3
ruchiliitr	1
ruirui07	1
ruona	3
rusiana	26
rynouncw	12
rysk123	14
rzarregui	2
s0wielart	8
s_hulette	7
saasha	7
sachdeva	3
sachin90	3
sachiniet25	3
sagar09	2
sagarkolekar	2
sagarparsawar	3
sagunagarwal	8
saharris288	3
sahil2	6
saibhargav12	12
saiharsha96	8
sajjandixit	7
salameslami	6
salimSMS	16
salnamo	2
salvatore_mx	2
sam46h	3
sam514	7
sam619	1
sam_aero	13
samast	8
samget	6
sandyloggs	10
sanika95	1
sanikakul	1
sanjaysyal	2
sankalplal1209	7
sankalpsaxena30	17
sansz	39
santhosh340	20
sarangi73	2
sarangteslaanddavincifan	3
saratkumar	1
saravanank90	6
saritx	9
sarmaji	17
sartha	19
sasankbabu	4
sasazlat	4
saseal	2
sasidharreddymuram	12
sastryvedam2	2
satheesh06	13
satheeshkumar2	6
sathireddy	17
sathyanril	1
satishkumarfake	1
satnamphysics	27
satyajit_1512	2
saumitra_vikram	7
saurabh01255	82
sauravkmr045	9
sauxaviers2013	9
schuetch	1
scleee	4
segunoyebode	12
sembree	1
senguptasaikat10	2
sensors	4
senthilayyasamy	1
senthilr20	9
serafin83	5
sergiod26	19
sethuammu	36
sethumadhavi	3
seunghyung	3
sewaeric	8
shaantanu	1
shafeeahmed	1
shahidkalam	2
shailendar123	1
shailesh95	2
shailmani49	15
shajithkumar	1
shakeelsde	1
shamb0lic	3
shaniwhaeed	7
shankhoghosh123	2
shardul19	7
sharkman	4
shaurya88	3
shelbystack2	6
shersingh	2
sherwin719	10
shitanshushekhar	11
shivajiboss	31
shivakalyan123	2
shivamagrawal11dec	5
shivanshunaithani	20
shivendrapathak	8
shmez	6
shoppy	4
shreya1	7
shrikantambad	41
shriram-888	19
shubhajeet	31
shubhamiist	12
shubhammahna	7
shubhi_aay	10
shwetaguja	6
shwetambari	2
shyam786	40
shyamballava	1
shyamsunder011	15
siamakba	8
siarcrpg	5
siddharthtp	8
silurus	7
simar240193	4
simonshifrin	17
sirigowda	2
skinnay	17
sknimo	1
skt1978	19
skyadventure	16
smaddula	12
smartshubham	25
smit2194	2
smitty1	37
smoothjazz	3
smritia	1
snow123	8
socrates777	2
solvetheworldtoruble	2
someshsah	3
somrikbanerjee	1
sonario	7
sooz	38
sourabh78	23
sourabhzunke	4
spandanpradhan	3
spandu28	6
spatra	6
sptorvi	9
sreeharsha1994	15
srobo	25
srushti1211	4
ssethia	3
ssharma123	3
sskendre	8
ssreeja	8
ssss111	1
stanarnau	3
starfish87	5
stbbrad3	12
stephowtodoit	2
steve_cooke	35
stiuvert0007	3
subodh86	2
subrigo	9
sudeepsaha	1
sudipt123	1
sujayAgrawal	9
sumanth452	13
sumedh38	8
sumeetkukreja92	1
sumit1523	18
sumit1989	1
sumsy	2
sunilkr92	1
sunnyexotic	12
sunnyrahul	17
superstar107	2
supriyas1	9
suraj_05	11
surajsgupta	2
suryauday400	1
susantnitb	16
sushil14	59
suvedhagurubaran	2
swclark	2
sweekar304	47
swethavenkat	5
syedfahadsalman	102
syiu0415tw	1
szatrawski	30
tadam	2
tadeu2013	1
tallmike	6
tambishubh	3
tamiliitb	2
taran21	18
taregh	21
tarunbansal11	16
taruntej	7
tatah85	65
tc260084	4
tchisiri	36
tdzhekov	4
teacherkenny	5
tedesco	12
teodoravucicevic	52
tetchan	7
tfarooq5	19
tfrankseju	4
tgajith	1
thatgeekwithglasses	6
the42	5
the_glory	4
thebestbestman123	2
thegoodmany	3
theletterjay	6
thephoenixlament	14
thi_199	2
thierrymanga	32
thomasorme	34
thorim	3
timduff35	18
tinar78	11
tkierans	3
tksanthosh	1
tkyonjp	17
tmcmeece	26
tmstupnicki	7
tomasz12345	8
tomica-edx	2
tony_352	4
tonyja	4
trhayes76	1
trimpo	7
trumpetjean	2
tsbandagar	5
tsujichikawa	26
ttindell3	6
tuhin98	20
tulsidaspatil	6
tusharsinghal	1
tutnse02019	2
tzviki	1
udayabhanunikhil	4
udaykiran009	3
ulnfrsy	16
umapieris	17
umeshgupta	18
unitedreds	5
uralponkhi	10
us_panda	4
usamahossny	20
usamazaidmalik	4
ussche	19
utkarsh1	4
utkarshsingh04	2
uttkrsh	7
v_shnu	2
vaibhav103	4
vaishaliP	3
valeto	3
valluru	2
vamel	2
vanihba2000	15
varun0388	13
vascy9	8
vcd24	4
vcj	26
vdpns	1
veeto	7
venkateshkolluru	4
venkeys	29
venkteshswami	2
ventoux	1
venumadhav332	8
vhankadedinesh	1
viccoo	16
victor6437	1
vidyaD	2
vigneshnk	2
vijayanand66	45
vikramps	6
viky	5
vinay_venkat	4
vinayak_mysore	1
vinayakj	11
vinayaksk	14
vinaycuj	4
vinhtee	23
vinocos	28
vinodkumary	9
vipye	1
virendrasheoran	7
vishalsawant	5
vishnujampangire	2
vishnusanem	6
vishnuviva	4
vishnuvv	4
vishweshshrimali5	1
visper	1
viswanadh	3
vivekework	3
vivekrathi	1
viveksharma	8
vkp13	12
vladdared	10
vm1997	2
vmertzanis	4
voirin	6
voivod	17
volodyas	5
vonn	37
votava73	2
vrom911	2
vtoomas	3
vurtnebones	5
wamaral	1
want_be_free	31
warren7771	31
weave10uk	1
whispertome	1
wiktoratgmail	2
williameden	2
willsom	1
wilo666	2
wilrivers	3
wirefree	27
witteman	5
wojciechsobczak	4
wonderic	25
writefficient	13
wwayo	11
wwood3	33
xcvphd	3
xen0blade	9
xeniatexium	4
xico_junior	107
xmaluka	46
xsnac	31
xtomanr	144
xtreme	4
xyz312	6
yahya3075	1
yallaling	4
yaser_x	1
yash2192	1
yashkedia	9
yashmpanchal	2
yelooc	2
yogXLR8	3
youssef001	3
yp	5
yureksz	1
yvanarnaud	5
yzahnouni	3
zac41	1
zealot147	5
zenon_celofan	2
zerman	10
zoco	7
zrcscience	6
zryaq	1
zuck	4
zulfithezillionaire	3
